Date,open,high,low,close,Adj Close,Volume
2013-01-22,6080.15,6101.3,6040.5,6048.5,6048.5,129000
2013-01-23,6052.85,6069.8,6021.15,6054.3,6054.3,137000
2013-01-24,6046.2,6065.3,6007.85,6019.35,6019.35,185200
2013-01-25,6024.5,6080.55,6014.45,6074.65,6074.65,147600
2013-01-28,6082.1,6088.4,6061.4,6074.8,6074.8,113100
2013-01-29,6064.7,6111.8,6042.45,6049.9,6049.9,157600
2013-01-30,6065,6071.95,6044.15,6055.75,6055.75,124200
2013-01-31,6045.65,6058.05,6025.15,6034.75,6034.75,168500
2013-02-01,6040.95,6052.95,5983.2,5998.9,5998.9,159300
2013-02-04,6025.2,6038.5,5981.25,5987.25,5987.25,141700
2013-02-05,5948.2,5970.35,5946.9,5956.9,5956.9,136200
2013-02-06,5988.05,5990.9,5953.15,5959.2,5959.2,157800
2013-02-07,5936.45,5978.5,5927.6,5938.8,5938.8,157600
2013-02-08,5929.1,5953.7,5883.65,5903.5,5903.5,192600
2013-02-11,5920.05,5924.15,5879.1,5897.85,5897.85,122000
2013-02-12,5894.35,5927.65,5886.45,5922.5,5922.5,142800
2013-02-13,5943.15,5969.5,5922.95,5932.95,5932.95,142600
2013-02-14,5933.2,5940.2,5884.55,5896.95,5896.95,143800
2013-02-15,5869.95,5899.95,5853.9,5887.4,5887.4,125100
2013-02-18,5888.65,5911,5878.45,5898.2,5898.2,114300
2013-02-19,5900.2,5947.55,5883.15,5939.7,5939.7,101000
2013-02-20,5966.3,5971,5937.55,5943.05,5943.05,135400
2013-02-21,5909.65,5921.15,5844.4,5852.25,5852.25,159400
2013-02-22,5837.95,5873.8,5835.8,5850.3,5850.3,157000
2013-02-25,5870.55,5878.4,5825,5854.75,5854.75,125100
2013-02-26,5838.3,5838.85,5748.6,5761.35,5761.35,157400
2013-02-27,5784.9,5818.2,5749.7,5796.9,5796.9,175200
2013-02-28,5834.35,5849.9,5671.9,5693.05,5693.05,334900
2013-03-01,5702.45,5739.45,5679.9,5719.7,5719.7,174500
2013-03-04,5704.7,5712,5663.6,5698.5,5698.5,144900
2013-03-05,5722.45,5790.1,5722.4,5784.25,5784.25,154400
2013-03-06,5816.4,5828.7,5795.05,5818.6,5818.6,156900
2013-03-07,5801.3,5878,5801.3,5863.3,5863.3,134700
2013-03-08,5883.65,5952.85,5883,5945.7,5945.7,150800
2013-03-11,5946.1,5971.2,5930.35,5942.35,5942.35,125400
2013-03-12,5944.6,5952,5893.65,5914.1,5914.1,115900
2013-03-13,5884.8,5893.85,5842.25,5851.2,5851.2,116700
2013-03-14,5845.95,5920.15,5791.75,5908.95,5908.95,149000
2013-03-15,5914.9,5945.65,5861,5872.6,5872.6,152200
2013-03-18,5816.75,5850.2,5814.35,5835.25,5835.25,102700
2013-03-19,5859.5,5863.6,5724.3,5745.95,5745.95,182300
2013-03-20,5740.55,5745.3,5682.3,5694.4,5694.4,187600
2013-03-21,5705.9,5757.75,5647.95,5658.75,5658.75,179200
2013-03-22,5659.8,5691.45,5631.8,5651.35,5651.35,165300
2013-03-25,5707.3,5718.4,5624.4,5633.85,5633.85,150400
2013-03-26,5613.75,5655.3,5612.05,5641.6,5641.6,126500
2013-03-28,5647.75,5692.95,5604.85,5682.55,5682.55,209700
2013-04-01,5697.35,5720.95,5675.9,5704.4,5704.4,97800
2013-04-02,5701.7,5754.6,5687.15,5748.1,5748.1,106400
2013-04-03,5740.2,5744.95,5650.1,5672.9,5672.9,140700
2013-04-04,5640.65,5644.45,5565.65,5574.75,5574.75,134600
2013-04-05,5568.1,5577.3,5534.7,5553.25,5553.25,137500
2013-04-08,5550.5,5569.2,5537.05,5542.95,5542.95,97000
2013-04-09,5568.75,5603.05,5487,5495.1,5495.1,138200
2013-04-10,5536.25,5569.25,5477.2,5558.7,5558.7,128600
2013-04-11,5601.65,5610.65,5542.85,5594,5594,146800
2013-04-12,5520.7,5544.5,5494.9,5528.55,5528.55,127300
2013-04-15,5508.5,5592.85,5500.3,5568.4,5568.4,142900
2013-04-16,5562.45,5699.25,5555.85,5688.95,5688.95,142700
2013-04-17,5708.65,5732.15,5669,5688.7,5688.7,154600
2013-04-18,5682.7,5794.35,5681.85,5783.1,5783.1,149900
2013-04-22,5789.85,5844.85,5789.8,5834.4,5834.4,135100
2013-04-23,5843.1,5844.3,5791.55,5836.9,5836.9,132200
2013-04-25,5856.1,5924.6,5853.3,5916.3,5916.3,199600
2013-04-26,5899.75,5907.05,5860.5,5871.45,5871.45,141300
2013-04-29,5877.6,5918.65,5868.8,5904.1,5904.1,118900
2013-04-30,5932.6,5962.3,5867.8,5930.2,5930.2,153200
2013-05-02,5911.4,6019.45,5910.95,5999.35,5999.35,162400
2013-05-03,5993.5,6000.3,5930.15,5944,5944,145800
2013-05-06,5944.9,5976.5,5928.45,5971.05,5971.05,110200
2013-05-07,5983.45,6050.5,5982.95,6043.55,6043.55,136400
2013-05-08,6064.15,6083.55,6024.95,6069.3,6069.3,122300
2013-05-09,6078.35,6084.7,6040.45,6050.15,6050.15,110000
2013-05-10,6046.25,6105.3,6045.6,6094.75,6094.75,111400
2013-05-13,6098.2,6104.95,5972.9,5980.45,5980.45,107900
2013-05-14,5989.7,6026.2,5970.05,5995.4,5995.4,119300
2013-05-15,6018.85,6157.1,6018.85,6146.75,6146.75,153900
2013-05-16,6128.25,6187.3,6128.25,6169.9,6169.9,158600
2013-05-17,6172.95,6199.95,6146.15,6187.3,6187.3,147300
2013-05-20,6198,6229.45,6146.05,6156.9,6156.9,122300
2013-05-21,6152.35,6180.25,6102.35,6114.1,6114.1,130600
2013-05-22,6127.05,6147.6,6074.45,6094.5,6094.5,133800
2013-05-23,6050.4,6081.45,5955.7,5967.05,5967.05,198900
2013-05-24,6010.7,6015.3,5936.8,5983.55,5983.55,161600
2013-05-27,5989.4,6099.9,5975.55,6083.15,6083.15,115100
2013-05-28,6086.35,6127.65,6055.4,6111.25,6111.25,139700
2013-05-29,6120.45,6125.05,6069.8,6104.3,6104.3,120200
2013-05-30,6072.15,6133.75,6072.15,6124.05,6124.05,194100
2013-05-31,6098.7,6106.25,5975.55,5985.95,5985.95,175300
2013-06-03,5997.35,6011,5916.35,5939.3,5939.3,112100
2013-06-04,5941.1,5981.6,5910.25,5919.45,5919.45,114500
2013-06-05,5908.3,5935.2,5883.7,5923.85,5923.85,110200
2013-06-06,5895,5956.55,5869.5,5921.4,5921.4,114200
2013-06-07,5900.05,5972.7,5871.3,5881,5881,118300
2013-06-10,5907.9,5931.65,5857.4,5878,5878,100100
2013-06-11,5848.75,5868.05,5780.35,5788.8,5788.8,180900
2013-06-12,5771.75,5792.9,5738.6,5760.2,5760.2,140400
2013-06-13,5709.35,5729.85,5683.1,5699.1,5699.1,142000
2013-06-14,5748.95,5819.4,5739.4,5808.4,5808.4,124400
2013-06-17,5820.4,5854.9,5770.25,5850.05,5850.05,107200
2013-06-18,5841.9,5863.4,5804.3,5813.6,5813.6,117500
2013-06-19,5805.75,5828.4,5777.9,5822.25,5822.25,115500
2013-06-20,5754.15,5755,5645.65,5655.9,5655.9,198400
2013-06-21,5639.9,5686.15,5616.85,5667.65,5667.65,182400
2013-06-24,5638.05,5640,5566.25,5590.25,5590.25,193500
2013-06-25,5606.95,5666.25,5570.25,5609.1,5609.1,196600
2013-06-26,5627.95,5635.25,5579.35,5588.7,5588.7,160100
2013-06-27,5647.95,5699.35,5630.95,5682.35,5682.35,239000
2013-06-28,5749.5,5852.95,5749.5,5842.2,5842.2,214400
2013-07-01,5834.1,5904.35,5822.2,5898.85,5898.85,144800
2013-07-02,5885.5,5898.8,5852.3,5857.55,5857.55,145700
2013-07-03,5811.95,5815,5760.4,5770.9,5770.9,160500
2013-07-04,5794.75,5848.2,5786.05,5836.95,5836.95,151900
2013-07-05,5889.95,5900.45,5858.45,5867.9,5867.9,123600
2013-07-08,5833.15,5833.85,5775.55,5811.55,5811.55,127600
2013-07-09,5834.6,5864.95,5834.6,5859,5859,110400
2013-07-10,5869.9,5879.35,5802.85,5816.7,5816.7,117500
2013-07-11,5894.5,5948.85,5887.95,5935.1,5935.1,120200
2013-07-12,6000.5,6019,5951.15,6009,6009,127700
2013-07-15,5991.2,6038.2,5980.95,6030.8,6030.8,116300
2013-07-16,5930.8,5966.05,5910.95,5955.25,5955.25,151200
2013-07-17,5972.25,5989.8,5926.75,5973.3,5973.3,191500
2013-07-18,5984.7,6051.1,5974.55,6038.05,6038.05,171700
2013-07-19,6057.2,6066.85,6020.25,6029.2,6029.2,163300
2013-07-22,6009.75,6064.15,6004.25,6031.8,6031.8,115200
2013-07-23,6064.3,6093.35,6061.3,6077.8,6077.8,126500
2013-07-24,6032.2,6047.25,5962.6,5990.5,5990.5,151900
2013-07-25,5970.4,5990.65,5896.4,5907.5,5907.5,237100
2013-07-26,5937.95,5944.5,5869.5,5886.2,5886.2,174500
2013-07-29,5869.95,5886,5825.8,5831.65,5831.65,173400
2013-07-30,5836.05,5861.3,5747.6,5755.05,5755.05,181500
2013-07-31,5738.35,5752.1,5675.75,5742,5742,235500
2013-08-01,5776.9,5808.5,5676.85,5727.85,5727.85,216800
2013-08-02,5750.05,5761.85,5649,5677.9,5677.9,222500
2013-08-05,5682.4,5721,5661.5,5685.4,5685.4,197200
2013-08-06,5664.9,5664.9,5521.8,5542.25,5542.25,216200
2013-08-07,5549.3,5561.45,5486.85,5519.1,5519.1,245000
2013-08-08,5510.05,5577.6,5510.05,5565.65,5565.65,204900
2013-08-12,5606.7,5644.1,5557.1,5612.4,5612.4,195700
2013-08-13,5600.25,5704.75,5578.9,5699.3,5699.3,223000
2013-08-14,5715.4,5754.55,5690.2,5742.3,5742.3,223700
2013-08-16,5705.45,5716.6,5496.05,5507.85,5507.85,248100
2013-08-19,5497.55,5499.65,5360.65,5414.75,5414.75,219700
2013-08-20,5353.45,5417.8,5306.35,5401.45,5401.45,261100
2013-08-21,5494.45,5504.1,5268.45,5302.55,5302.55,255000
2013-08-22,5282.8,5418.95,5254.05,5408.45,5408.45,284500
2013-08-23,5428.75,5478.8,5377.8,5471.75,5471.75,251500
2013-08-26,5499.4,5528.7,5454.45,5476.5,5476.5,242000
2013-08-27,5426.5,5427.4,5274.25,5287.45,5287.45,306000
2013-08-28,5233.45,5317.7,5118.85,5285,5285,336000
2013-08-29,5316.5,5428.9,5303,5409.05,5409.05,326500
2013-08-30,5407.45,5493.3,5360.2,5471.8,5471.8,336400
2013-09-02,5480.25,5564.9,5478.85,5550.75,5550.75,214200
2013-09-03,5574.7,5580.95,5323.75,5341.45,5341.45,250300
2013-09-04,5358.65,5460.25,5318.9,5448.1,5448.1,237200
2013-09-05,5553.75,5625.75,5552.7,5592.95,5592.95,274900
2013-09-06,5617.45,5688.6,5566.15,5680.4,5680.4,253000
2013-09-10,5738.5,5904.85,5738.2,5896.75,5896.75,275200
2013-09-11,5887.25,5924.35,5832.7,5913.15,5913.15,265000
2013-09-12,5931.15,5932,5815.8,5850.7,5850.7,273000
2013-09-13,5828,5884.3,5822.9,5850.6,5850.6,190800
2013-09-16,5930.3,5957.25,5798.15,5840.55,5840.55,219500
2013-09-17,5824.2,5857.8,5804.9,5850.2,5850.2,157900
2013-09-18,5872.75,5916.9,5840.2,5899.45,5899.45,153600
2013-09-19,6044.15,6142.5,6040.15,6115.55,6115.55,287200
2013-09-20,6104.55,6130.95,5932.85,6012.1,6012.1,318600
2013-09-23,5945.8,5989.4,5871.4,5889.75,5889.75,188300
2013-09-24,5855,5938.4,5854.55,5892.45,5892.45,187600
2013-09-25,5901.55,5910.55,5811.1,5873.85,5873.85,200200
2013-09-26,5872.8,5917.65,5864.1,5882.25,5882.25,220600
2013-09-27,5905.55,5909.2,5819.3,5833.2,5833.2,163100
2013-09-30,5801.05,5810.2,5718.5,5735.3,5735.3,155700
2013-10-01,5756.1,5786.45,5700.95,5780.05,5780.05,159200
2013-10-03,5819.1,5917.6,5802.7,5909.7,5909.7,199800
2013-10-04,5891.3,5950.45,5885,5907.3,5907.3,191500
2013-10-07,5889.05,5912,5825.85,5906.15,5906.15,156400
2013-10-08,5975,5981.7,5913,5928.4,5928.4,158500
2013-10-09,5893.25,6015.5,5877.1,6007.45,6007.45,192000
2013-10-10,6001.05,6033.95,5979.8,6020.95,6020.95,159600
2013-10-11,6104.85,6107.6,6046.4,6096.2,6096.2,180800
2013-10-14,6093,6124.1,6082.9,6112.7,6112.7,142200
2013-10-15,6147.55,6156.3,6056.55,6089.05,6089.05,218300
2013-10-17,6098.5,6110.75,6032.55,6045.85,6045.85,230600
2013-10-18,6070.9,6201.45,6070.9,6189.35,6189.35,250300
2013-10-21,6202,6218.95,6163.3,6204.95,6204.95,197000
2013-10-22,6192.3,6220.1,6181.8,6202.8,6202.8,161900
2013-10-23,6209.55,6217.95,6116.6,6178.35,6178.35,188300
2013-10-24,6162.8,6252.45,6142.95,6164.35,6164.35,148900
2013-10-25,6154,6174.75,6125.95,6144.9,6144.9,144500
2013-10-28,6155.1,6168.75,6094.1,6101.1,6101.1,146300
2013-10-29,6107.55,6228.05,6079.2,6220.9,6220.9,197300
2013-10-30,6230.8,6269.2,6222.6,6251.7,6251.7,177600
2013-10-31,6237.15,6309.05,6235.9,6299.15,6299.15,239600
2013-11-01,6289.75,6332.6,6286.95,6307.2,6307.2,191600
2013-11-05,6282.15,6304.75,6244.3,6253.15,6253.15,181100
2013-11-06,6260.55,6269.7,6208.7,6215.15,6215.15,157100
2013-11-07,6228.9,6288.95,6180.8,6187.25,6187.25,168800
2013-11-08,6170.15,6185.15,6120.95,6140.75,6140.75,150100
2013-11-11,6110.4,6141.65,6067.75,6078.8,6078.8,146100
2013-11-12,6087.25,6108.7,6011.75,6018.05,6018.05,153800
2013-11-13,5998.85,6042.25,5972.45,5989.6,5989.6,162500
2013-11-14,6037,6101.65,6036.65,6056.15,6056.15,154900
2013-11-18,6111.05,6196.8,6110.4,6189,6189,164000
2013-11-19,6197.25,6212.4,6180.2,6203.35,6203.35,161500
2013-11-20,6186.85,6204.35,6106.95,6122.9,6122.9,155800
2013-11-21,6096.5,6097.35,5985.4,5999.05,5999.05,137200
2013-11-22,6027.35,6049.6,5972.8,5995.45,5995.45,134800
2013-11-25,6035.95,6123.5,6035.95,6115.35,6115.35,127200
2013-11-26,6099.25,6112.7,6047.75,6059.1,6059.1,150700
2013-11-27,6062.7,6074,6030.3,6057.1,6057.1,124900
2013-11-28,6092,6112.95,6068.3,6091.85,6091.85,195300
2013-11-29,6103.9,6182.5,6103.8,6176.1,6176.1,190700
2013-12-02,6171.15,6228.7,6171.15,6217.85,6217.85,145900
2013-12-03,6204.25,6225.4,6191.4,6201.85,6201.85,156900
2013-12-04,6187.95,6209.15,6149.9,6160.95,6160.95,186200
2013-12-05,6262.45,6300.55,6232,6241.1,6241.1,186100
2013-12-06,6234.4,6275.35,6230.75,6259.9,6259.9,158500
2013-12-09,6415,6415.25,6345,6363.9,6363.9,198300
2013-12-10,6354.7,6362.25,6307.55,6332.85,6332.85,242400
2013-12-11,6307.2,6326.6,6280.25,6307.9,6307.9,148200
2013-12-12,6276.75,6286.85,6230.55,6237.05,6237.05,148500
2013-12-13,6201.3,6208.6,6161.4,6168.4,6168.4,169700
2013-12-16,6168.35,6183.25,6146.05,6154.7,6154.7,146500
2013-12-17,6178.2,6190.55,6133,6139.05,6139.05,154200
2013-12-18,6129.95,6236,6129.95,6217.15,6217.15,243300
2013-12-19,6253.9,6263.75,6150.7,6166.65,6166.65,437000
2013-12-20,6179.95,6284.5,6170.35,6274.25,6274.25,172000
2013-12-23,6267.2,6317.5,6266.95,6284.5,6284.5,131200
2013-12-24,6296.45,6301.5,6262,6268.4,6268.4,107600
2013-12-26,6270.1,6302.75,6259.45,6278.9,6278.9,182300
2013-12-27,6292.8,6324.9,6289.4,6313.8,6313.8,96900
2013-12-30,6336.4,6344.05,6273.15,6291.1,6291.1,101300
2013-12-31,6307.35,6317.3,6287.3,6304,6304,103400
2014-01-02,6301.25,6358.3,6211.3,6221.15,6221.15,158100
2014-01-03,6194.55,6221.7,6171.25,6211.15,6211.15,139000
2014-01-06,6220.85,6224.7,6170.25,6191.45,6191.45,118300
2014-01-07,6203.9,6221.5,6144.75,6162.25,6162.25,138600
2014-01-08,6178.05,6192.1,6160.35,6174.6,6174.6,146900
2014-01-09,6181.7,6188.05,6148.25,6168.35,6168.35,150100
2014-01-10,6178.85,6239.1,6139.6,6171.45,6171.45,159900
2014-01-13,6189.55,6288.2,6189.55,6272.75,6272.75,135000
2014-01-14,6260.25,6280.35,6234.15,6241.85,6241.85,110200
2014-01-15,6265.95,6325.2,6265.3,6320.9,6320.9,145900
2014-01-16,6341.35,6346.5,6299.85,6318.9,6318.9,153400
2014-01-17,6306.25,6327.1,6246.35,6261.65,6261.65,167700
2014-01-20,6261.75,6307.45,6243.35,6303.95,6303.95,122100
2014-01-21,6320.15,6330.3,6297.9,6313.8,6313.8,141700
2014-01-22,6309.05,6349.95,6287.45,6338.95,6338.95,137500
2014-01-23,6325.95,6355.6,6316.4,6345.65,6345.65,120100
2014-01-24,6301.65,6331.45,6263.9,6266.75,6266.75,160300
2014-01-27,6186.3,6188.55,6130.25,6135.85,6135.85,190400
2014-01-28,6131.85,6163.6,6085.95,6126.25,6126.25,184100
2014-01-29,6161,6170.45,6109.8,6120.25,6120.25,146700
2014-01-30,6067,6082.85,6027.25,6073.7,6073.7,208100
2014-01-31,6082.75,6097.85,6067.35,6089.5,6089.5,146700
2014-02-03,6058.8,6074.85,5994.45,6001.8,6001.8,134900
2014-02-04,5947.6,6017.8,5933.3,6000.9,6000.9,183300
2014-02-05,6004.25,6028.05,5962.05,6022.4,6022.4,166600
2014-02-06,6028.35,6048.35,5965.4,6036.3,6036.3,185500
2014-02-07,6077.65,6079.95,6030.9,6063.2,6063.2,181900
2014-02-10,6072.8,6083.05,6046.4,6053.45,6053.45,133100
2014-02-11,6072.45,6081.85,6053.25,6062.7,6062.7,150500
2014-02-12,6085.35,6106.6,6077.4,6084,6084,138500
2014-02-13,6087.55,6094.4,5991.1,6001.1,6001.1,153700
2014-02-14,6023.75,6056.4,5984.6,6048.35,6048.35,140200
2014-02-18,6071.3,6141.7,6066.8,6127.1,6127.1,126600
2014-02-19,6132.05,6160.35,6125.75,6152.75,6152.75,95200
2014-02-20,6127.15,6129.1,6086.45,6091.45,6091.45,132100
2014-02-21,6108.3,6159.65,6108,6155.45,6155.45,112600
2014-02-24,6140.95,6191.85,6130.8,6186.1,6186.1,144900
2014-02-25,6205.7,6216.85,6176.6,6200.05,6200.05,146300
2014-02-26,6202.45,6245.95,6202.1,6238.8,6238.8,181700
2014-02-28,6228.45,6282.7,6228.1,6276.95,6276.95,180600
2014-03-03,6264.35,6277.75,6212.25,6221.45,6221.45,144600
2014-03-04,6216.75,6302.15,6215.7,6297.95,6297.95,166800
2014-03-05,6328.45,6336.25,6287.8,6328.65,6328.65,160300
2014-03-06,6344.75,6406.6,6339.7,6401.15,6401.15,180700
2014-03-07,6413.95,6537.8,6413.55,6526.65,6526.65,284900
2014-03-10,6491.7,6562.2,6487.35,6537.25,6537.25,242100
2014-03-11,6537.35,6562.85,6494.25,6511.9,6511.9,239000
2014-03-12,6497.5,6546.15,6487.3,6516.9,6516.9,175000
2014-03-13,6491.75,6561.45,6476.65,6493.1,6493.1,167900
2014-03-14,6447.25,6518.45,6432.7,6504.2,6504.2,177300
2014-03-18,6532.45,6574.95,6497.65,6516.65,6516.65,179300
2014-03-19,6530,6541.2,6506,6524.05,6524.05,172500
2014-03-20,6508.35,6523.65,6473.25,6483.1,6483.1,142000
2014-03-21,6515.2,6522.9,6485.7,6493.2,6493.2,189900
2014-03-24,6510.5,6591.5,6510.5,6583.5,6583.5,158400
2014-03-25,6550.1,6595.55,6544.85,6589.75,6589.75,168100
2014-03-26,6615.65,6627.45,6580.6,6601.4,6601.4,186600
2014-03-27,6613.1,6673.95,6599.5,6641.75,6641.75,312400
2014-03-28,6673.05,6702.6,6643.8,6695.9,6695.9,184800
2014-03-31,6723.15,6730.05,6662.4,6704.2,6704.2,220600
2014-04-01,6729.5,6732.25,6675.45,6721.05,6721.05,177800
2014-04-02,6757.6,6763.5,6723.6,6752.55,6752.55,173300
2014-04-03,6772.05,6776.75,6696.9,6736.1,6736.1,197500
2014-04-04,6741.85,6741.85,6685.15,6694.35,6694.35,155100
2014-04-07,6694.25,6725.15,6650.4,6695.05,6695.05,133900
2014-04-09,6722,6808.7,6705.1,6796.2,6796.2,169800
2014-04-10,6803.05,6819.05,6777.3,6796.4,6796.4,191100
2014-04-11,6758.35,6789.35,6743.15,6776.3,6776.3,140700
2014-04-15,6792.7,6813.4,6711.75,6733.1,6733.1,123200
2014-04-16,6727.25,6748.65,6665.15,6675.3,6675.3,119800
2014-04-17,6695.45,6783.05,6684.4,6779.4,6779.4,131500
2014-04-21,6789.25,6825.45,6786.9,6817.65,6817.65,111800
2014-04-22,6822.9,6838,6806.25,6815.35,6815.35,114700
2014-04-23,6823.25,6861.6,6820.75,6840.8,6840.8,183000
2014-04-25,6855.8,6869.85,6772.85,6782.75,6782.75,154300
2014-04-28,6778.55,6786.25,6750.3,6761.25,6761.25,118200
2014-04-29,6769,6779.7,6708.65,6715.25,6715.25,115500
2014-04-30,6724.95,6780.15,6656.8,6696.4,6696.4,161100
2014-05-02,6709.95,6737.65,6689.5,6694.8,6694.8,114300
2014-05-05,6681.65,6741.05,6680.45,6699.35,6699.35,105000
2014-05-06,6719.25,6743.45,6701.9,6715.3,6715.3,88300
2014-05-07,6708.6,6718.75,6642.9,6652.55,6652.55,114100
2014-05-08,6669.9,6688.4,6638.55,6659.85,6659.85,101600
2014-05-09,6654.15,6871.35,6652.15,6858.8,6858.8,166400
2014-05-12,6863.4,7020.05,6862.9,7014.25,7014.25,157700
2014-05-13,7080,7172.35,7067.15,7108.75,7108.75,232200
2014-05-14,7112,7142.25,7080.9,7108.75,7108.75,177200
2014-05-15,7111.3,7152.55,7082.55,7123.15,7123.15,186800
2014-05-16,7270.2,7563.5,7130.65,7203,7203,393200
2014-05-19,7276.85,7291.1,7193.55,7263.55,7263.55,316200
2014-05-20,7309.95,7353.65,7247.7,7275.5,7275.5,255300
2014-05-21,7274.85,7287.15,7206.7,7252.9,7252.9,203100
2014-05-22,7289.95,7319.55,7258.15,7276.4,7276.4,240900
2014-05-23,7306.5,7381,7293.9,7367.1,7367.1,259600
2014-05-26,7428.75,7504,7269.05,7359.05,7359.05,273200
2014-05-27,7363.1,7372.95,7274.75,7318,7318,168600
2014-05-28,7324.95,7344.75,7302.6,7329.65,7329.65,175600
2014-05-29,7316.6,7325.4,7224.4,7235.65,7235.65,241100
2014-05-30,7254.85,7272.5,7118.45,7229.95,7229.95,312200
2014-06-02,7264.05,7368.6,7239.5,7362.5,7362.5,169900
2014-06-03,7375.35,7424.95,7342.15,7415.85,7415.85,234700
2014-06-04,7417.55,7433.3,7391.35,7402.25,7402.25,204600
2014-06-05,7399.75,7484.7,7360.5,7474.1,7474.1,250700
2014-06-06,7521.5,7592.7,7497.65,7583.4,7583.4,248400
2014-06-09,7621.65,7673.7,7580.25,7654.6,7654.6,231900
2014-06-10,7679.05,7683.2,7579.3,7656.4,7656.4,188700
2014-06-11,7672.4,7700.05,7589.05,7626.85,7626.85,186200
2014-06-12,7641.3,7658,7593.8,7649.9,7649.9,148200
2014-06-13,7668.2,7678.5,7525.35,7542.1,7542.1,174500
2014-06-16,7534.8,7548.6,7487.55,7533.55,7533.55,155400
2014-06-17,7525.05,7637.6,7509.25,7631.7,7631.7,158000
2014-06-18,7636.05,7663,7515.5,7558.2,7558.2,165100
2014-06-19,7580.05,7606.45,7502.55,7540.7,7540.7,148900
2014-06-20,7543.3,7560.55,7497.3,7511.45,7511.45,124100
2014-06-23,7514,7534.8,7441.6,7493.35,7493.35,127400
2014-06-24,7515.2,7593.35,7515.2,7580.2,7580.2,137000
2014-06-25,7588.55,7589.25,7557.05,7569.25,7569.25,115000
2014-06-26,7554.1,7570.2,7481.3,7493.2,7493.2,171700
2014-06-27,7514.2,7538.75,7482.3,7508.8,7508.8,126700
2014-06-30,7534.05,7623.65,7531.6,7611.35,7611.35,152300
2014-07-01,7629,7649.5,7618.15,7634.7,7634.7,139400
2014-07-02,7683.05,7732.4,7677.3,7725.15,7725.15,136300
2014-07-03,7734.35,7754.65,7706.8,7714.8,7714.8,133800
2014-07-04,7718.1,7758,7661.3,7751.6,7751.6,113100
2014-07-07,7780.4,7792,7755.1,7787.15,7787.15,173900
2014-07-08,7804.05,7808.85,7595.9,7623.2,7623.2,180600
2014-07-09,7637.95,7650.1,7551.65,7585,7585,168300
2014-07-10,7589.5,7731.05,7479.05,7567.75,7567.75,258400
2014-07-11,7584.1,7625.85,7447.2,7459.6,7459.6,187600
2014-07-14,7469,7478.45,7422.15,7454.15,7454.15,135200
2014-07-15,7491.3,7534.9,7459.15,7526.65,7526.65,122100
2014-07-16,7564.15,7640.1,7532.45,7624.4,7624.4,168000
2014-07-17,7612.7,7655.65,7612.7,7640.45,7640.45,141600
2014-07-18,7630.25,7685,7595.5,7663.9,7663.9,134600
2014-07-21,7701.65,7722.1,7674,7684.2,7684.2,105400
2014-07-22,7708.2,7773.85,7704.8,7767.85,7767.85,120100
2014-07-23,7794.9,7809.2,7752.9,7795.75,7795.75,122100
2014-07-24,7796.25,7835.65,7771.65,7830.6,7830.6,117600
2014-07-25,7828.2,7840.95,7748.6,7790.45,7790.45,153900
2014-07-28,7792.9,7799.9,7722.65,7748.7,7748.7,116500
2014-07-30,7746.2,7798.7,7707.6,7791.4,7791.4,178100
2014-07-31,7784.65,7791.85,7711.15,7721.3,7721.3,208900
2014-08-01,7662.5,7716.7,7593.9,7602.6,7602.6,181100
2014-08-04,7639.55,7694.8,7622.05,7683.65,7683.65,137000
2014-08-05,7706.65,7752.45,7638.05,7746.55,7746.55,128200
2014-08-06,7726.15,7740.95,7658.95,7672.05,7672.05,116400
2014-08-07,7651.15,7708.95,7630.4,7649.25,7649.25,116800
2014-08-08,7588.7,7592.45,7540.1,7568.55,7568.55,118400
2014-08-11,7619.85,7635.55,7598.6,7625.95,7625.95,107000
2014-08-12,7688.8,7735.75,7654.8,7727.05,7727.05,120600
2014-08-13,7717.3,7757.1,7695.7,7739.55,7739.55,154100
2014-08-14,7756.15,7796.7,7739.1,7791.7,7791.7,127300
2014-08-18,7785.25,7880.5,7779.2,7874.25,7874.25,126700
2014-08-19,7901,7918.55,7881.15,7897.5,7897.5,140600
2014-08-20,7915.8,7922.7,7864.05,7875.3,7875.3,117300
2014-08-21,7875.35,7919.65,7855.95,7891.1,7891.1,115200
2014-08-22,7904.55,7929.05,7900.05,7913.2,7913.2,104100
2014-08-25,7931.75,7968.25,7897.95,7906.3,7906.3,118500
2014-08-26,7874.5,7915.45,7862.45,7904.75,7904.75,142800
2014-08-27,7933.9,7946.85,7916.55,7936.05,7936.05,120000
2014-08-28,7942.25,7967.8,7939.2,7954.35,7954.35,189700
2014-09-01,7990.35,8035,7984,8027.7,8027.7,139300
2014-09-02,8038.6,8101.95,8036.55,8083.05,8083.05,134900
2014-09-03,8110.85,8141.9,8092.25,8114.6,8114.6,150700
2014-09-04,8114.2,8114.8,8060.9,8095.95,8095.95,141300
2014-09-05,8099.9,8122.7,8049.85,8086.85,8086.85,126000
2014-09-08,8132.95,8180.2,8126.15,8173.9,8173.9,120700
2014-09-09,8161.9,8174.55,8126.5,8152.95,8152.95,104700
2014-09-10,8135.55,8135.75,8082.1,8094.1,8094.1,107100
2014-09-11,8115.15,8127.95,8057.3,8085.7,8085.7,122800
2014-09-12,8087.05,8114.3,8071.6,8105.5,8105.5,111400
2014-09-15,8070.35,8077.3,8030,8042,8042,96500
2014-09-16,8036.6,8044.9,7925.15,7932.9,7932.9,128000
2014-09-17,7971.5,7990.65,7936.95,7975.5,7975.5,123700
2014-09-18,7950.65,8120.85,7939.7,8114.75,8114.75,116900
2014-09-19,8129.4,8160.9,8105.35,8121.45,8121.45,161300
2014-09-22,8084.45,8159.9,8064.8,8146.3,8146.3,105500
2014-09-23,8144.4,8159.75,8008.1,8017.55,8017.55,140800
2014-09-24,8015.55,8042.05,7950.05,8002.4,8002.4,182200
2014-09-25,8003.3,8019.3,7877.35,7911.85,7911.85,231900
2014-09-26,7885.85,7993.3,7841.8,7968.85,7968.85,147800
2014-09-29,7978.45,7991.75,7934.7,7958.9,7958.9,97300
2014-09-30,7948.8,8030.9,7923.85,7964.8,7964.8,141100
2014-10-01,7960.5,7977.5,7936.7,7945.55,7945.55,113000
2014-10-07,7897.4,7943.05,7842.7,7852.4,7852.4,148200
2014-10-08,7828.75,7869.9,7815.75,7842.7,7842.7,135900
2014-10-09,7886.5,7972.35,7886.5,7960.55,7960.55,123800
2014-10-10,7911,7924.05,7848.45,7859.95,7859.95,142900
2014-10-13,7831,7901.15,7796,7884.25,7884.25,118800
2014-10-14,7923.25,7928,7825.45,7864,7864,225500
2014-10-16,7837.3,7893.9,7729.65,7748.2,7748.2,213500
2014-10-17,7733.75,7819.2,7723.85,7779.7,7779.7,177600
2014-10-20,7896.95,7905.95,7856.95,7879.4,7879.4,176200
2014-10-21,7906.15,7936.6,7874.35,7927.75,7927.75,163400
2014-10-22,7997.8,8005,7974.55,7995.9,7995.9,151100
2014-10-27,8064.35,8064.4,7985.65,7991.7,7991.7,132800
2014-10-28,8002.4,8037.8,7995.05,8027.6,8027.6,124100
2014-10-29,8077.05,8097.95,8052.25,8090.45,8090.45,148300
2014-10-30,8085.2,8181.55,8085.2,8169.2,8169.2,205700
2014-10-31,8200.8,8330.75,8198.05,8322.2,8322.2,176200
2014-11-03,8348.15,8350.6,8297.65,8324.15,8324.15,141100
2014-11-05,8351.25,8365.55,8323.5,8338.3,8338.3,161600
2014-11-07,8331.85,8360.35,8290.25,8337,8337,153400
2014-11-10,8337.8,8383.05,8304.45,8344.25,8344.25,130700
2014-11-11,8354.1,8378.7,8321.85,8362.65,8362.65,122000
2014-11-12,8378.9,8415.05,8370.5,8383.3,8383.3,125200
2014-11-13,8405.25,8408,8320.35,8357.85,8357.85,127400
2014-11-14,8360.7,8400.65,8346.8,8389.9,8389.9,146800
2014-11-17,8378.4,8438.1,8349.1,8430.75,8430.75,113900
2014-11-18,8441.25,8454.5,8407.25,8425.9,8425.9,134700
2014-11-19,8440.65,8455.65,8360.5,8382.3,8382.3,125400
2014-11-20,8406.5,8410.85,8353.15,8401.9,8401.9,122800
2014-11-21,8408.2,8489.8,8398.6,8477.35,8477.35,137000
2014-11-24,8490.95,8534.65,8490.8,8530.15,8530.15,140700
2014-11-25,8530.8,8535.35,8429.45,8463.1,8463.1,271900
2014-11-26,8450.3,8500.3,8438.65,8475.75,8475.75,151900
2014-11-27,8477.8,8506.75,8456.35,8494.2,8494.2,194300
2014-11-28,8516.8,8617,8516.25,8588.25,8588.25,197200
2014-12-01,8605.1,8623,8545.15,8555.9,8555.9,152000
2014-12-02,8535.45,8560.2,8504.65,8524.7,8524.7,137400
2014-12-03,8528.7,8546.95,8508.35,8537.65,8537.65,153200
2014-12-04,8582.4,8626.95,8526.4,8564.4,8564.4,143500
2014-12-05,8584.25,8588.35,8523.9,8538.3,8538.3,143300
2014-12-08,8538.65,8546.35,8432.25,8438.25,8438.25,163800
2014-12-09,8439.3,8444.5,8330.5,8340.7,8340.7,146300
2014-12-10,8318.05,8376.8,8317,8355.65,8355.65,136700
2014-12-11,8338.85,8348.3,8272.4,8292.9,8292.9,133900
2014-12-12,8302,8321.9,8216.3,8224.1,8224.1,138100
2014-12-15,8160.75,8242.4,8152.5,8219.6,8219.6,137100
2014-12-16,8172.6,8189.35,8052.6,8067.6,8067.6,197300
2014-12-17,8041.2,8082,7961.35,8029.8,8029.8,216200
2014-12-18,8138.9,8174.3,8084.9,8159.3,8159.3,162100
2014-12-19,8230.45,8263.45,8208.6,8225.2,8225.2,174800
2014-12-22,8255,8330.95,8228.2,8324,8324,139200
2014-12-23,8324.6,8364.75,8252.85,8267,8267,132200
2014-12-24,8272.05,8286.4,8155.25,8174.1,8174.1,221900
2014-12-26,8204.8,8234.55,8147.95,8200.7,8200.7,75500
2014-12-29,8214.7,8279.15,8214.7,8246.3,8246.3,82100
2014-12-30,8260.3,8268.25,8220.55,8248.25,8248.25,77700
2014-12-31,8243.9,8291,8243.75,8282.7,8282.7,84500
2015-01-02,8288.7,8410.6,8288.7,8395.45,8395.45,101900
2015-01-05,8407.95,8445.6,8363.9,8378.4,8378.4,118200
2015-01-06,8325.3,8327.85,8111.35,8127.35,8127.35,172800
2015-01-07,8118.65,8151.2,8065.45,8102.1,8102.1,164100
2015-01-08,8191.4,8243.5,8167.3,8234.6,8234.6,143800
2015-01-09,8285.45,8303.3,8190.8,8284.5,8284.5,148000
2015-01-12,8291.35,8332.6,8245.6,8323,8323,103200
2015-01-13,8346.15,8356.65,8267.9,8299.4,8299.4,129600
2015-01-14,8307.25,8326.45,8236.65,8277.55,8277.55,146100
2015-01-15,8424.5,8527.1,8380.55,8494.15,8494.15,232100
2015-01-16,8504.05,8530.75,8452.25,8513.8,8513.8,176000
2015-01-19,8550.05,8570.95,8531.5,8550.7,8550.7,125400
2015-01-20,8575.1,8707.9,8574.5,8695.6,8695.6,158700
2015-01-21,8719.65,8741.85,8689.6,8729.5,8729.5,185900
2015-01-22,8745.85,8774.15,8727,8761.4,8761.4,175500
2015-01-23,8827.95,8866.4,8795.4,8835.6,8835.6,191200
2015-01-27,8871.35,8925.05,8825.45,8910.5,8910.5,192000
2015-01-28,8902.75,8985.05,8874.05,8914.3,8914.3,185100
2015-01-29,8901.5,8966.65,8861.25,8952.35,8952.35,256300
2015-01-30,8996.6,8996.6,8775.1,8808.9,8808.9,267300
2015-02-02,8802.5,8840.8,8751.1,8797.4,8797.4,210100
2015-02-03,8823.15,8837.3,8726.65,8756.55,8756.55,208700
2015-02-04,8789.15,8792.85,8704.4,8723.7,8723.7,195300
2015-02-05,8733.1,8838.45,8683.65,8711.7,8711.7,173600
2015-02-06,8696.85,8726.2,8645.55,8661.05,8661.05,171300
2015-02-09,8584.4,8605.55,8516.35,8526.35,8526.35,146800
2015-02-10,8478.1,8646.25,8470.5,8565.55,8565.55,196200
2015-02-11,8603.3,8651.95,8593.65,8627.4,8627.4,161600
2015-02-12,8676.95,8732.55,8599.25,8711.55,8711.55,158800
2015-02-13,8741.5,8822.1,8729.65,8805.5,8805.5,221900
2015-02-16,8831.4,8870.1,8793.4,8809.35,8809.35,136400
2015-02-18,8811.55,8894.3,8808.9,8869.1,8869.1,147600
2015-02-19,8883.05,8913.45,8794.45,8895.3,8895.3,213300
2015-02-20,8895.5,8899.95,8816.3,8833.6,8833.6,197600
2015-02-23,8856.85,8869,8736.1,8754.95,8754.95,139600
2015-02-24,8772.9,8800.5,8726.75,8762.1,8762.1,149800
2015-02-25,8801.9,8840.65,8751.4,8767.25,8767.25,135200
2015-02-26,8779,8786.05,8669.45,8683.85,8683.85,217500
2015-02-27,8729.5,8856.95,8717.45,8844.6,8844.6,249500
2015-03-02,8953.85,8972.35,8885.45,8956.75,8956.75,218100
2015-03-03,8962.85,9008.4,8925.55,8996.25,8996.25,177800
2015-03-04,9109.15,9119.2,8893.95,8922.65,8922.65,248400
2015-03-05,8929.4,8957.55,8849.35,8937.75,8937.75,160100
2015-03-09,8891.15,8891.3,8740.45,8756.75,8756.75,155500
2015-03-10,8769.75,8778,8677.35,8712.05,8712.05,163800
2015-03-11,8728.75,8755.6,8682.35,8699.95,8699.95,172800
2015-03-12,8740.65,8787.2,8732.9,8776,8776,173900
2015-03-13,8844.05,8849.75,8631.75,8647.75,8647.75,179200
2015-03-16,8656.75,8663.55,8612,8633.15,8633.15,163300
2015-03-17,8689.1,8742.55,8630.8,8723.3,8723.3,177000
2015-03-18,8742.9,8747.25,8664,8685.9,8685.9,156400
2015-03-19,8749.45,8788.2,8614.65,8634.65,8634.65,163500
2015-03-20,8627.9,8627.9,8553,8570.9,8570.9,174600
2015-03-23,8591.55,8608.35,8540.55,8550.9,8550.9,150700
2015-03-24,8537.05,8627.75,8535.85,8542.95,8542.95,156700
2015-03-25,8568.9,8573.75,8516.55,8530.8,8530.8,161000
2015-03-26,8474.95,8499.45,8325.35,8342.15,8342.15,280100
2015-03-27,8396,8413.2,8269.15,8341.4,8341.4,193000
2015-03-30,8390.95,8492.3,8380.75,8492.3,8492.3,134700
2015-03-31,8527.6,8550.45,8454.15,8491,8491,167200
2015-04-01,8483.7,8603.4,8464.75,8586.25,8586.25,125500
2015-04-06,8615.8,8667.55,8573.75,8659.9,8659.9,146900
2015-04-07,8684.45,8693.6,8586.85,8660.3,8660.3,148700
2015-04-08,8698.95,8730.5,8679.8,8714.4,8714.4,148200
2015-04-09,8756.2,8785.5,8682.45,8778.3,8778.3,152700
2015-04-10,8774.35,8787.4,8733.6,8780.35,8780.35,139000
2015-04-13,8801.75,8841.65,8762.1,8834,8834,121600
2015-04-16,8757.05,8760,8645.65,8706.7,8706.7,142900
2015-04-17,8698.05,8699.85,8596.7,8606,8606,150400
2015-04-20,8618.8,8619.95,8422.75,8448.1,8448.1,148900
2015-04-21,8416.1,8469.35,8352.7,8377.75,8377.75,407800
2015-04-22,8400.4,8449.95,8284.7,8429.7,8429.7,171800
2015-04-23,8478.2,8504.95,8361.85,8398.3,8398.3,156000
2015-04-24,8405.7,8413.3,8273.35,8305.25,8305.25,173600
2015-04-27,8330.55,8334.45,8202.35,8213.8,8213.8,171500
2015-04-28,8215.55,8308,8185.15,8285.6,8285.6,174600
2015-04-29,8274.8,8308.2,8219.2,8239.75,8239.75,160400
2015-04-30,8224.5,8229.4,8144.75,8181.5,8181.5,267700
2015-05-04,8230.05,8346,8220.45,8331.95,8331.95,131700
2015-05-05,8338.4,8355.65,8280.6,8324.8,8324.8,155500
2015-05-06,8316.6,8331.95,8083,8097,8097,209600
2015-05-07,8077,8122.6,7997.15,8057.3,8057.3,161600
2015-05-08,8131.5,8224.95,8123.45,8191.5,8191.5,183100
2015-05-11,8243.2,8332.75,8224.65,8325.25,8325.25,192000
2015-05-12,8326.15,8326.65,8115.3,8126.95,8126.95,173400
2015-05-13,8181.55,8254.95,8089.8,8235.45,8235.45,169800
2015-05-14,8232.45,8236.25,8137.3,8224.2,8224.2,134800
2015-05-15,8240.3,8279.2,8212.2,8262.35,8262.35,129800
2015-05-18,8284.95,8384.6,8271.95,8373.65,8373.65,148700
2015-05-19,8356.2,8427.8,8335,8365.65,8365.65,140300
2015-05-20,8392.65,8440.35,8391.45,8423.25,8423.25,123600
2015-05-21,8434.5,8446.35,8382.5,8421,8421,143800
2015-05-22,8432.5,8489.55,8420.6,8458.95,8458.95,187300
2015-05-25,8438.15,8441.95,8364.15,8370.25,8370.25,121300
2015-05-26,8377.1,8378.9,8320.05,8339.35,8339.35,116800
2015-05-27,8302.75,8342.85,8277.95,8334.6,8334.6,165500
2015-05-28,8345.7,8364.5,8270.15,8319,8319,232300
2015-05-29,8327.1,8443.9,8305.7,8433.65,8433.65,363900
2015-06-01,8417.25,8467.15,8405.4,8433.4,8433.4,122200
2015-06-02,8442.8,8445.35,8226.05,8236.45,8236.45,146800
2015-06-03,8232.45,8236.7,8094.15,8135.1,8135.1,171400
2015-06-04,8155.15,8160.05,8056.75,8130.65,8130.65,154700
2015-06-05,8119.15,8191,8100.15,8114.7,8114.7,162100
2015-06-08,8124.35,8131,8030.55,8044.15,8044.15,135900
2015-06-09,8026.5,8057.15,8005.15,8022.4,8022.4,136000
2015-06-10,8024.15,8152.25,8023.8,8124.45,8124.45,136800
2015-06-11,8157.3,8163.05,7958.25,7965.35,7965.35,166200
2015-06-12,7959.85,7995.6,7940.3,7982.9,7982.9,136600
2015-06-15,7986.6,8057.7,7944.85,8013.9,8013.9,133000
2015-06-16,8004.2,8061.85,7952.35,8047.3,8047.3,124000
2015-06-17,8084.2,8136.85,8048.95,8091.55,8091.55,152500
2015-06-18,8113.7,8186.9,8101.8,8174.6,8174.6,144800
2015-06-19,8201.15,8250.8,8195.65,8224.95,8224.95,147100
2015-06-22,8259.3,8369.45,8257.4,8353.1,8353.1,122700
2015-06-23,8377.45,8398.45,8334.95,8381.55,8381.55,131700
2015-06-24,8399.4,8421.35,8338.9,8360.85,8360.85,130100
2015-06-25,8336.25,8423.15,8329.5,8398,8398,201200
2015-06-26,8393.95,8408.55,8339.7,8381.1,8381.1,110600
2015-06-29,8247.05,8329.45,8195.65,8318.4,8318.4,132000
2015-06-30,8316.35,8378,8298.95,8368.5,8368.5,158500
2015-07-01,8376.25,8481.6,8370.15,8453.05,8453.05,131800
2015-07-02,8471.95,8479.25,8433.2,8444.9,8444.9,112000
2015-07-03,8440.1,8497.75,8424.15,8484.9,8484.9,88400
2015-07-06,8386.15,8533.15,8386.15,8522.15,8522.15,101500
2015-07-07,8525.5,8561.35,8483.85,8510.8,8510.8,122200
2015-07-08,8439.2,8457.5,8341.4,8363.05,8363.05,188100
2015-07-09,8364.85,8400.3,8323,8328.55,8328.55,131300
2015-07-10,8365.7,8377.1,8315.4,8360.55,8360.55,154100
2015-07-13,8397.25,8471.65,8355.4,8459.65,8459.65,117800
2015-07-14,8470.6,8480.25,8424.1,8454.1,8454.1,101700
2015-07-15,8463.4,8531.4,8462.95,8523.8,8523.8,105500
2015-07-16,8546.15,8616.1,8542.9,8608.05,8608.05,116000
2015-07-17,8623.65,8642.95,8593.15,8609.85,8609.85,105000
2015-07-20,8623.9,8624.1,8559,8603.45,8603.45,90600
2015-07-21,8601.5,8646.75,8517.9,8529.45,8529.45,164100
2015-07-22,8512.25,8643.9,8498.65,8633.5,8633.5,136800
2015-07-23,8643.95,8654.75,8573.8,8589.8,8589.8,132900
2015-07-24,8588.15,8589.15,8513.5,8521.55,8521.55,127400
2015-07-27,8492.1,8492.2,8351.55,8361,8361,136600
2015-07-28,8371.1,8397.4,8321.75,8337,8337,174600
2015-07-29,8365.6,8381.5,8338.45,8375.05,8375.05,141000
2015-07-30,8417,8458.9,8408.3,8421.8,8421.8,215200
2015-07-31,8456.1,8548.95,8448,8532.85,8532.85,203300
2015-08-03,8510.65,8563.95,8508.1,8543.05,8543.05,156700
2015-08-04,8564.1,8565.15,8448.25,8516.9,8516.9,187400
2015-08-05,8547.45,8591.85,8545.85,8567.95,8567.95,132800
2015-08-06,8585.8,8606.3,8551.5,8588.65,8588.65,134900
2015-08-07,8580.8,8595.95,8552.7,8564.6,8564.6,143700
2015-08-10,8577,8621.55,8497.8,8525.6,8525.6,123400
2015-08-11,8548.45,8556.25,8441.3,8462.35,8462.35,154400
2015-08-12,8445.7,8446.95,8337.95,8349.45,8349.45,190000
2015-08-13,8384.45,8429.5,8339.75,8355.85,8355.85,189200
2015-08-14,8402.35,8530.1,8381.2,8518.55,8518.55,155900
2015-08-17,8530.5,8530.6,8428.05,8477.3,8477.3,174700
2015-08-18,8505.85,8525.75,8433.6,8466.55,8466.55,153300
2015-08-19,8468.05,8520.45,8425.95,8495.15,8495.15,130500
2015-08-20,8471.05,8501.35,8359.75,8372.75,8372.75,184100
2015-08-21,8305.4,8322.2,8225.05,8299.95,8299.95,201300
2015-08-24,8055.95,8060.05,7769.4,7809,7809,312400
2015-08-25,7895.4,7925.4,7667.25,7880.7,7880.7,299100
2015-08-26,7865.25,7930.05,7777.1,7791.85,7791.85,216600
2015-08-27,7921.6,7963.6,7862.3,7948.95,7948.95,305000
2015-08-28,8053.7,8091.8,7961.65,8001.95,8001.95,195600
2015-08-31,8009.25,8043.6,7947.95,7971.3,7971.3,198200
2015-09-01,7907.95,7929.1,7746.5,7785.85,7785.85,184900
2015-09-02,7856.65,7862.55,7699.25,7717,7717,215300
2015-09-03,7774.45,7845.6,7754.05,7823,7823,155800
2015-09-04,7803.4,7804.9,7626.85,7655.05,7655.05,193600
2015-09-07,7685.85,7705.05,7545.9,7558.8,7558.8,141400
2015-09-08,7587.7,7720.9,7539.5,7688.25,7688.25,172200
2015-09-09,7805.85,7846.05,7764.55,7818.6,7818.6,208400
2015-09-10,7729.05,7819.85,7678.5,7788.1,7788.1,160300
2015-09-11,7833.8,7864.85,7759.9,7789.3,7789.3,136400
2015-09-14,7811.1,7879.95,7761.85,7872.25,7872.25,122800
2015-09-15,7867.35,7880,7799.75,7829.1,7829.1,136500
2015-09-16,7886.85,7913.9,7853.3,7899.15,7899.15,140000
2015-09-18,7967.45,8055,7955.85,7981.9,7981.9,241800
2015-09-21,7911.5,7987.9,7908.35,7977.1,7977.1,121800
2015-09-22,8014.8,8021.6,7787.75,7812,7812,168400
2015-09-23,7737.35,7882.9,7723.25,7845.95,7845.95,146700
2015-09-24,7838.4,7894.5,7804.1,7868.5,7868.5,202500
2015-09-28,7892.8,7893.95,7787.95,7795.7,7795.7,136300
2015-09-29,7725.7,7926.55,7691.2,7843.3,7843.3,240700
2015-09-30,7924.25,7957.7,7874.5,7948.9,7948.9,210700
2015-10-01,7992.05,8008.25,7930.65,7950.9,7950.9,156900
2015-10-05,8005.1,8128.9,8005.1,8119.3,8119.3,183100
2015-10-06,8180.45,8180.95,8096.5,8152.9,8152.9,178500
2015-10-07,8146.2,8188.9,8132.9,8177.4,8177.4,193900
2015-10-08,8196.75,8196.75,8105.85,8129.35,8129.35,171700
2015-10-09,8186.35,8232.2,8139.65,8189.7,8189.7,199700
2015-10-12,8231.5,8244.5,8128.2,8143.6,8143.6,199100
2015-10-13,8121.95,8150.25,8088.6,8131.7,8131.7,145900
2015-10-14,8102.4,8139.3,8096.35,8107.9,8107.9,138900
2015-10-15,8134.35,8190.55,8129.8,8179.5,8179.5,167200
2015-10-16,8193.65,8246.4,8147.65,8238.15,8238.15,156400
2015-10-19,8262.55,8283.05,8239.2,8275.05,8275.05,124500
2015-10-20,8280.3,8294.05,8229.2,8261.65,8261.65,155100
2015-10-21,8258.35,8294.4,8217.15,8251.7,8251.7,144800
2015-10-23,8308.25,8328.1,8280.75,8295.45,8295.45,152000
2015-10-26,8333.65,8336.3,8252.05,8260.55,8260.55,133900
2015-10-27,8230.35,8241.95,8217.05,8232.9,8232.9,156700
2015-10-28,8188.9,8209.1,8131.8,8171.2,8171.2,188900
2015-10-29,8175.45,8179.6,8098,8111.75,8111.75,217500
2015-10-30,8123.55,8146.1,8044.4,8065.8,8065.8,199500
2015-11-02,8054.55,8060.7,7995.6,8050.8,8050.8,136100
2015-11-03,8086.35,8100.35,8031.75,8060.7,8060.7,132500
2015-11-04,8104.9,8116.1,8027.3,8040.2,8040.2,122100
2015-11-05,8030.35,8031.2,7944.1,7955.45,7955.45,132100
2015-11-06,7956.55,8002.65,7926.15,7954.3,7954.3,219500
2015-11-09,7788.25,7937.75,7771.7,7915.2,7915.2,211800
2015-11-10,7877.6,7885.1,7772.85,7783.35,7783.35,165200
2015-11-13,7762.45,7775.1,7730.9,7762.25,7762.25,160900
2015-11-16,7732.95,7838.85,7714.15,7806.6,7806.6,149500
2015-11-17,7848.75,7860.45,7793,7837.55,7837.55,145000
2015-11-18,7823.15,7843.4,7725.05,7731.8,7731.8,143600
2015-11-19,7788.5,7854.9,7765.45,7842.75,7842.75,132600
2015-11-20,7841.9,7906.95,7817.8,7856.55,7856.55,151900
2015-11-23,7869.5,7877.5,7825.2,7849.25,7849.25,127000
2015-11-24,7837,7870.35,7812.65,7831.6,7831.6,130600
2015-11-26,7837.15,7897.1,7832,7883.8,7883.8,219800
2015-11-27,7910.6,7959.3,7879.45,7942.7,7942.7,150300
2015-11-30,7936.25,7966,7922.8,7935.25,7935.25,216300
2015-12-01,7958.15,7972.15,7934.15,7954.9,7954.9,138600
2015-12-02,7976.7,7979.3,7910.8,7931.35,7931.35,126300
2015-12-03,7902.3,7912.3,7853.3,7864.15,7864.15,125700
2015-12-04,7817.6,7821.4,7775.7,7781.9,7781.9,152500
2015-12-07,7816.55,7825.4,7746.05,7765.4,7765.4,137600
2015-12-08,7738.5,7771.25,7685.45,7701.7,7701.7,135100
2015-12-09,7695.5,7702.85,7606.9,7612.5,7612.5,140000
2015-12-10,7643.3,7691.95,7610,7683.3,7683.3,140800
2015-12-11,7699.6,7703.05,7575.3,7610.45,7610.45,167800
2015-12-14,7558.2,7663.95,7551.05,7650.05,7650.05,148900
2015-12-15,7659.15,7705,7625.1,7700.9,7700.9,134300
2015-12-16,7725.25,7776.6,7715.75,7750.9,7750.9,154300
2015-12-17,7783.05,7852.9,7737.55,7844.35,7844.35,175900
2015-12-18,7828.9,7836.15,7753.35,7761.95,7761.95,191400
2015-12-21,7745.65,7840.75,7733.45,7834.45,7834.45,126300
2015-12-22,7829.4,7846.3,7776.85,7786.1,7786.1,125700
2015-12-23,7830.45,7871.45,7826.1,7865.95,7865.95,117900
2015-12-24,7888.75,7888.75,7835.5,7861.05,7861.05,93500
2015-12-28,7863.2,7937.2,7863,7925.15,7925.15,122900
2015-12-29,7929.2,7942.15,7902.75,7928.95,7928.95,113000
2015-12-30,7938.6,7944.75,7889.85,7896.25,7896.25,106800
2015-12-31,7897.8,7955.55,7891.15,7946.35,7946.35,150900
2016-01-04,7924.55,7937.55,7781.1,7791.3,7791.3,134700
2016-01-05,7828.4,7831.2,7763.25,7784.65,7784.65,145200
2016-01-06,7788.05,7800.95,7721.2,7741,7741,147100
2016-01-07,7673.35,7674.95,7556.6,7568.3,7568.3,188900
2016-01-08,7611.65,7634.1,7581.05,7601.35,7601.35,157400
2016-01-11,7527.45,7605.1,7494.35,7563.85,7563.85,189000
2016-01-12,7587.2,7588.3,7487.8,7510.3,7510.3,163900
2016-01-13,7557.9,7590.95,7425.8,7562.4,7562.4,215200
2016-01-14,7467.4,7604.8,7443.8,7536.8,7536.8,200800
2016-01-15,7561.65,7566.5,7427.3,7437.8,7437.8,197500
2016-01-18,7420.35,7463.65,7336.4,7351,7351,233600
2016-01-19,7381.8,7462.75,7364.15,7435.1,7435.1,188300
2016-01-20,7357,7470.9,7241.5,7309.3,7309.3,225600
2016-01-21,7376.65,7398.7,7250,7276.8,7276.8,240700
2016-01-22,7355.7,7433.4,7327.6,7422.45,7422.45,229200
2016-01-25,7468.75,7487.15,7421.2,7436.15,7436.15,163200
2016-01-27,7469.6,7477.9,7419.7,7437.75,7437.75,187600
2016-01-28,7426.5,7468.85,7409.6,7424.65,7424.65,274500
2016-01-29,7413.35,7575.65,7402.8,7563.55,7563.55,298700
2016-02-01,7589.5,7600.45,7541.25,7555.95,7555.95,200400
2016-02-02,7566.65,7576.3,7428.05,7455.55,7455.55,230200
2016-02-03,7392.45,7419.4,7350.3,7361.8,7361.8,192000
2016-02-04,7411.45,7457.05,7365.95,7404,7404,222700
2016-02-05,7418.25,7503.15,7406.65,7489.1,7489.1,249800
2016-02-08,7489.7,7512.55,7363.2,7387.25,7387.25,171500
2016-02-09,7303.95,7323.45,7275.15,7298.2,7298.2,212100
2016-02-10,7264.3,7271.85,7177.75,7215.7,7215.7,246900
2016-02-11,7203.6,7208.65,6959.95,6976.35,6976.35,292300
2016-02-12,7023.65,7034.8,6869,6980.95,6980.95,333900
2016-02-15,7057.35,7182.8,7056.8,7162.95,7162.95,354200
2016-02-16,7201.25,7204.65,7037.7,7048.25,7048.25,253800
2016-02-17,7058.85,7123.7,6960.65,7108.45,7108.45,260000
2016-02-18,7177.4,7215.1,7127.85,7191.75,7191.75,246700
2016-02-19,7170.55,7226.85,7145.95,7210.75,7210.75,192300
2016-02-22,7208.85,7252.4,7200.7,7234.55,7234.55,154400
2016-02-23,7240.3,7241.7,7090.7,7109.55,7109.55,194400
2016-02-24,7075,7090.8,7009.75,7018.7,7018.7,199700
2016-02-25,7029.85,7034.2,6961.4,6970.6,6970.6,283100
2016-02-26,7039.3,7052.9,6985.1,7029.75,7029.75,206700
2016-02-29,7050.45,7094.6,6825.8,6987.05,6987.05,473400
2016-03-01,7038.25,7235.5,7035.1,7222.3,7222.3,275100
2016-03-02,7321.7,7380.35,7308.15,7368.85,7368.85,338500
2016-03-03,7429.55,7483.95,7406.05,7475.6,7475.6,278600
2016-03-04,7505.4,7505.9,7444.1,7485.35,7485.35,281700
2016-03-08,7486.4,7527.15,7442.15,7485.3,7485.3,257000
2016-03-09,7436.1,7539,7424.3,7531.8,7531.8,245100
2016-03-10,7545.35,7547.1,7447.4,7486.15,7486.15,224700
2016-03-11,7484.85,7543.95,7460.6,7510.2,7510.2,198700
2016-03-14,7542.6,7583.7,7515.05,7538.75,7538.75,166900
2016-03-15,7535.85,7545.2,7452.8,7460.6,7460.6,193700
2016-03-16,7457.05,7508,7405.15,7498.75,7498.75,195400
2016-03-17,7557.4,7585.3,7479.4,7512.55,7512.55,239600
2016-03-18,7534.65,7613.6,7517.9,7604.35,7604.35,237400
2016-03-21,7619.2,7713.55,7617.7,7704.25,7704.25,196800
2016-03-22,7695.55,7728.2,7643.8,7714.9,7714.9,208900
2016-03-23,7717.45,7726.85,7670.6,7716.5,7716.5,199600
2016-03-28,7741,7749.4,7587.7,7615.1,7615.1,242400
2016-03-29,7606.55,7652.9,7582.25,7597,7597,216800
2016-03-30,7651.1,7741.95,7643.45,7735.2,7735.2,232600
2016-03-31,7727.65,7777.6,7702,7738.4,7738.4,380100
2016-04-01,7718.05,7740.15,7666.1,7713.05,7713.05,183900
2016-04-04,7733.15,7764.45,7704.4,7758.8,7758.8,155500
2016-04-05,7736.3,7736.3,7588.65,7603.2,7603.2,203800
2016-04-06,7636.05,7638.65,7591.75,7614.35,7614.35,165600
2016-04-07,7630.4,7630.75,7535.85,7546.45,7546.45,234400
2016-04-08,7542.35,7569.35,7526.7,7555.2,7555.2,143400
2016-04-11,7577.8,7678.8,7516.85,7671.4,7671.4,179800
2016-04-12,7669.25,7717.4,7663.35,7708.95,7708.95,163400
2016-04-13,7777.15,7864.8,7772.2,7850.45,7850.45,220400
2016-04-18,7908.15,7920.6,7842.75,7914.7,7914.7,184600
2016-04-20,7950.05,7950.4,7877.55,7914.75,7914.75,205300
2016-04-21,7953.65,7978.45,7884.1,7912.05,7912.05,223700
2016-04-22,7891.8,7923.35,7873.35,7899.3,7899.3,183300
2016-04-25,7894.8,7911,7827,7855.05,7855.05,146300
2016-04-26,7828.15,7974.5,7822.55,7962.65,7962.65,202400
2016-04-27,7942,7991,7940.55,7979.9,7979.9,206800
2016-04-28,7967.4,7992,7834.45,7847.25,7847.25,292500
2016-04-29,7844.25,7889.05,7788.7,7849.8,7849.8,243700
2016-05-02,7822.7,7829.8,7777.3,7805.9,7805.9,146300
2016-05-03,7824.8,7890.25,7735.15,7747,7747,186500
2016-05-04,7724.15,7749,7697.25,7706.55,7706.55,199700
2016-05-05,7731,7777.55,7706.85,7735.5,7735.5,185100
2016-05-06,7717.65,7738.9,7678.35,7733.45,7733.45,163600
2016-05-09,7755.25,7873.65,7753.55,7866.05,7866.05,160600
2016-05-10,7873.55,7896.9,7837.7,7887.8,7887.8,162000
2016-05-11,7804.65,7893.1,7780.9,7848.85,7848.85,214100
2016-05-12,7871.45,7916.05,7849.65,7900.4,7900.4,152700
2016-05-13,7881,7881,7784.2,7814.9,7814.9,179500
2016-05-16,7831.2,7873.9,7772.15,7860.75,7860.75,205200
2016-05-17,7896.85,7940.1,7879.7,7890.75,7890.75,183400
2016-05-18,7846.75,7882.05,7810.75,7870.15,7870.15,156400
2016-05-19,7875.5,7876.2,7766.8,7783.4,7783.4,170400
2016-05-20,7792.2,7812.4,7735.75,7749.7,7749.7,157000
2016-05-23,7813.95,7820.6,7722.2,7731.05,7731.05,172000
2016-05-24,7738.05,7761.55,7715.8,7748.85,7748.85,147000
2016-05-25,7811.8,7941.2,7809.3,7934.9,7934.9,176200
2016-05-26,7974.45,8083,7948.5,8069.65,8069.65,264300
2016-05-27,8081.95,8164.2,8077.05,8156.65,8156.65,260900
2016-05-30,8166.5,8200,8150.8,8178.5,8178.5,247400
2016-05-31,8209.85,8213.6,8134.3,8160.1,8160.1,471000
2016-06-01,8179.2,8215.35,8171.05,8179.95,8179.95,194400
2016-06-02,8156.9,8229.5,8154.75,8218.95,8218.95,181700
2016-06-03,8246.2,8262,8209.85,8220.8,8220.8,379000
2016-06-06,8228.75,8234.7,8186.05,8201.05,8201.05,171600
2016-06-07,8235.55,8294.95,8216.4,8266.45,8266.45,241900
2016-06-08,8285.5,8288.9,8252.05,8273.05,8273.05,174300
2016-06-09,8273.35,8273.35,8184.6,8203.6,8203.6,174900
2016-06-10,8180.25,8265.6,8162.85,8170.05,8170.05,182200
2016-06-13,8102.25,8125.25,8063.9,8110.6,8110.6,169700
2016-06-14,8134.4,8134.95,8069.5,8108.85,8108.85,145500
2016-06-15,8139.4,8213.2,8123.15,8206.6,8206.6,169800
2016-06-16,8180.65,8180.65,8074.45,8140.75,8140.75,189200
2016-06-17,8176.65,8195.25,8135.8,8170.2,8170.2,166600
2016-06-20,8115.75,8244.15,8107.35,8238.5,8238.5,168600
2016-06-21,8255.4,8257.25,8202.15,8219.9,8219.9,137000
2016-06-22,8213.65,8238.35,8153.25,8203.7,8203.7,136100
2016-06-23,8201.15,8285.6,8188.3,8270.45,8270.45,154100
2016-06-24,8029.1,8100.7,7927.05,8088.6,8088.6,297600
2016-06-27,8039.35,8120.65,8039.35,8094.7,8094.7,162500
2016-06-28,8096.05,8146.35,8086.85,8127.85,8127.85,170400
2016-06-29,8173.1,8212.4,8157.65,8204,8204,147000
2016-06-30,8260.25,8308.15,8242.1,8287.75,8287.75,279400
2016-07-01,8313.05,8356.75,8308.65,8328.35,8328.35,165500
2016-07-04,8376.75,8398.45,8364.7,8370.7,8370.7,154200
2016-07-05,8379.3,8381.45,8319.95,8335.95,8335.95,139000
2016-07-07,8342,8361.95,8317.7,8337.9,8337.9,155500
2016-07-08,8350,8353.3,8287.55,8323.2,8323.2,137900
2016-07-11,8413.35,8475.25,8407.05,8467.9,8467.9,149800
2016-07-12,8502.6,8526.6,8479.2,8521.05,8521.05,183600
2016-07-13,8540.45,8550.25,8493.55,8519.5,8519.5,195500
2016-07-14,8515.75,8571.4,8500.7,8565,8565,153900
2016-07-15,8565.45,8594.8,8510.05,8541.4,8541.4,221700
2016-07-18,8564.05,8587.1,8494.35,8508.7,8508.7,164300
2016-07-19,8514.3,8540.05,8476.7,8528.55,8528.55,167900
2016-07-20,8515.45,8569.9,8512.55,8565.85,8565.85,160300
2016-07-21,8582.7,8585.25,8503.45,8510.1,8510.1,150000
2016-07-22,8519.65,8548.95,8489.8,8541.2,8541.2,143200
2016-07-25,8519.95,8641.15,8517.2,8635.65,8635.65,150000
2016-07-26,8633.75,8644.9,8577.15,8590.65,8590.65,154800
2016-07-27,8599.4,8665,8572.05,8615.8,8615.8,184100
2016-07-28,8636.95,8674.7,8625.25,8666.3,8666.3,233500
2016-07-29,8668.3,8670.35,8631.15,8638.5,8638.5,157000
2016-08-01,8654.3,8711.3,8590.5,8636.55,8636.55,188400
2016-08-02,8647.45,8687.2,8611.4,8622.9,8622.9,169400
2016-08-03,8635.2,8635.45,8529.6,8544.85,8544.85,163000
2016-08-04,8599.95,8601.4,8518.15,8551.1,8551.1,164700
2016-08-05,8600.2,8689.4,8590.15,8683.15,8683.15,157900
2016-08-08,8712.85,8723.5,8697.6,8711.35,8711.35,172600
2016-08-09,8727.8,8728.35,8638.2,8678.25,8678.25,200100
2016-08-10,8686.7,8690.1,8564.6,8575.3,8575.3,173600
2016-08-11,8572.8,8601.15,8540.05,8592.15,8592.15,189200
2016-08-16,8670.25,8682.35,8600.45,8642.55,8642.55,224800
2016-08-17,8639.8,8667.1,8603.6,8624.05,8624.05,174100
2016-08-18,8648.85,8690.7,8645.05,8673.25,8673.25,164300
2016-08-19,8694.3,8696.6,8647.1,8666.9,8666.9,191900
2016-08-22,8667,8684.85,8614,8629.15,8629.15,152300
2016-08-23,8628.35,8642.15,8580,8632.6,8632.6,187500
2016-08-24,8648.5,8661.05,8620.9,8650.3,8650.3,149600
2016-08-25,8668.85,8683.05,8583.65,8592.2,8592.2,213100
2016-08-26,8614.35,8622.95,8547.55,8572.55,8572.55,147500
2016-08-29,8583.75,8622,8543.75,8607.45,8607.45,129700
2016-08-30,8646.75,8750.6,8642.25,8744.35,8744.35,150200
2016-08-31,8754.05,8819.2,8754.05,8786.2,8786.2,362200
2016-09-01,8793.6,8813.25,8759.95,8774.65,8774.65,238900
2016-09-02,8796.35,8824.1,8768.2,8809.65,8809.65,191500
2016-09-06,8852.7,8950.85,8848.45,8943,8943,195600
2016-09-07,8968.7,8968.7,8913.35,8917.95,8917.95,290100
2016-09-08,8915.5,8960.35,8896,8952.5,8952.5,217200
2016-09-09,8934.3,8939.15,8858.7,8866.7,8866.7,175900
2016-09-12,8732.95,8746.95,8699.4,8715.6,8715.6,184500
2016-09-14,8710.65,8739.85,8688.9,8726.6,8726.6,184300
2016-09-15,8743.85,8751.95,8704.35,8742.55,8742.55,145400
2016-09-16,8780.85,8847.65,8750.5,8779.85,8779.85,265800
2016-09-19,8788.45,8824.3,8774.2,8808.4,8808.4,131700
2016-09-20,8816.1,8816.45,8759.3,8775.9,8775.9,136500
2016-09-21,8790.3,8826.85,8757.3,8777.15,8777.15,148800
2016-09-22,8873.35,8893.35,8837.8,8867.45,8867.45,172800
2016-09-23,8880.75,8885.2,8820.3,8831.55,8831.55,185900
2016-09-26,8807.9,8809.55,8715.1,8723.05,8723.05,164000
2016-09-27,8748.9,8768.5,8690.5,8706.4,8706.4,151400
2016-09-28,8711.2,8767.05,8703.15,8745.15,8745.15,165500
2016-09-29,8792.7,8800.65,8558.25,8591.25,8591.25,372900
2016-09-30,8581.5,8637.15,8555.2,8611.15,8611.15,181700
2016-10-03,8666.15,8745.2,8635,8738.1,8738.1,137300
2016-10-04,8770,8783.65,8736.1,8769.15,8769.15,184300
2016-10-05,8806.35,8806.95,8731.4,8743.95,8743.95,157200
2016-10-06,8768.7,8781.15,8684.65,8709.55,8709.55,163600
2016-10-07,8721.7,8723.7,8663.8,8697.6,8697.6,150400
2016-10-10,8735.35,8745.8,8703.95,8708.8,8708.8,108400
2016-10-13,8671.5,8681.55,8541.35,8573.35,8573.35,212300
2016-10-14,8594,8604.45,8549.8,8583.4,8583.4,162800
2016-10-17,8612.95,8615.4,8506.15,8520.4,8520.4,197400
2016-10-18,8556.05,8685.1,8555.9,8677.9,8677.9,216600
2016-10-19,8697.5,8698.75,8636.7,8659.1,8659.1,172100
2016-10-20,8693.35,8727,8678.3,8699.4,8699.4,161000
2016-10-21,8708.6,8709.1,8652.05,8693.05,8693.05,157300
2016-10-24,8709.85,8736.95,8684.15,8708.95,8708.95,157100
2016-10-25,8721.7,8722.65,8663.45,8691.3,8691.3,189800
2016-10-26,8657.3,8657.3,8596.6,8615.25,8615.25,219300
2016-10-27,8607.1,8624.85,8550.25,8615.25,8615.25,242800
2016-10-28,8625,8653.75,8581.75,8638,8638,175500
2016-11-01,8653.15,8669.6,8614.5,8626.25,8626.25,165000
2016-11-02,8542.8,8549.5,8504.85,8514,8514,155300
2016-11-03,8499.85,8537.65,8476.15,8484.95,8484.95,170500
2016-11-04,8503.6,8504,8400.25,8433.75,8433.75,224800
2016-11-07,8535.75,8535.85,8481.45,8497.05,8497.05,172800
2016-11-08,8540,8559.4,8480.1,8543.55,8543.55,195700
2016-11-09,8067.5,8476.2,8002.25,8432,8432,314300
2016-11-10,8555.6,8598.45,8510.7,8525.75,8525.75,263100
2016-11-11,8456.65,8460.6,8284.95,8296.3,8296.3,266900
2016-11-15,8284.85,8288.55,8093.2,8108.45,8108.45,359200
2016-11-16,8205.65,8210.05,8089.4,8111.6,8111.6,269500
2016-11-17,8105.1,8151.25,8060.3,8079.95,8079.95,191300
2016-11-18,8097.55,8128.95,8048.3,8074.1,8074.1,161200
2016-11-21,8102.1,8102.45,7916.4,7929.1,7929.1,218800
2016-11-22,7989.15,8019.05,7938.15,8002.3,8002.3,210200
2016-11-23,8051.2,8055.2,7973.1,8033.3,8033.3,181000
2016-11-24,8011.8,8024.85,7952.55,7965.5,7965.5,260500
2016-11-25,8007.95,8122.25,7976.75,8114.3,8114.3,177900
2016-11-28,8080.65,8146.5,8066.5,8126.9,8126.9,189700
2016-11-29,8131.55,8197.35,8128.7,8142.15,8142.15,189700
2016-11-30,8172.15,8234.25,8139.25,8224.5,8224.5,248000
2016-12-01,8244,8250.8,8185.05,8192.9,8192.9,157700
2016-12-02,8153.55,8159.3,8070.05,8086.8,8086.8,171500
2016-12-05,8088.75,8141.9,8056.85,8128.75,8128.75,126500
2016-12-06,8153.15,8178.7,8130.85,8143.15,8143.15,115300
2016-12-07,8168.4,8190.45,8077.5,8102.05,8102.05,169800
2016-12-08,8152.1,8256.25,8151.75,8246.85,8246.85,142500
2016-12-09,8271.7,8274.95,8241.95,8261.75,8261.75,149700
2016-12-12,8230.65,8230.65,8154.45,8170.8,8170.8,108100
2016-12-13,8196.15,8228.85,8155.8,8221.8,8221.8,184000
2016-12-14,8229.35,8229.4,8165.1,8182.45,8182.45,144600
2016-12-15,8128.4,8225.9,8121.95,8153.6,8153.6,181800
2016-12-16,8178.2,8178.7,8127.45,8139.45,8139.45,203000
2016-12-19,8126,8132.5,8094.85,8104.35,8104.35,107400
2016-12-20,8110.6,8124.1,8062.75,8082.4,8082.4,128000
2016-12-21,8105.85,8112.55,8053.25,8061.3,8061.3,123700
2016-12-22,8043.85,8046.45,7964.95,7979.1,7979.1,122600
2016-12-23,7972.5,8022.6,7942.05,7985.75,7985.75,124100
2016-12-26,7965.1,7970.05,7893.8,7908.25,7908.25,106900
2016-12-27,7915.05,8044.65,7903.7,8032.85,8032.85,118800
2016-12-28,8047.55,8100.55,8028.4,8034.85,8034.85,126700
2016-12-29,8030.6,8111.1,8020.8,8103.6,8103.6,178500
2016-12-30,8119.65,8197,8114.75,8185.8,8185.8,127600
2017-01-02,8210.1,8212,8133.8,8179.5,8179.5,118300
2017-01-03,8196.05,8219.1,8148.6,8192.25,8192.25,127300
2017-01-04,8202.65,8218.5,8180.9,8190.5,8190.5,132400
2017-01-05,8226.65,8282.65,8223.7,8273.8,8273.8,159100
2017-01-06,8281.85,8306.85,8233.25,8243.8,8243.8,139400
2017-01-09,8259.35,8263,8227.75,8236.05,8236.05,99100
2017-01-10,8262.7,8293.8,8261,8288.6,8288.6,142900
2017-01-11,8327.8,8389,8322.25,8380.65,8380.65,186500
2017-01-12,8391.05,8417.2,8382.3,8407.2,8407.2,172600
2017-01-13,8457.65,8461.05,8373.15,8400.35,8400.35,185300
2017-01-16,8390.95,8426.7,8374.4,8412.8,8412.8,124100
2017-01-17,8415.05,8440.9,8378.3,8398,8398,122000
2017-01-18,8403.85,8460.3,8397.4,8417,8417,163800
2017-01-19,8418.4,8445.15,8404.05,8435.1,8435.1,165900
2017-01-20,8404.35,8423.65,8340.95,8349.35,8349.35,202600
2017-01-23,8329.6,8404.15,8327.2,8391.5,8391.5,195000
2017-01-24,8407.05,8480.95,8398.15,8475.8,8475.8,179200
2017-01-25,8499.45,8612.6,8493.95,8602.75,8602.75,292500
2017-01-27,8610.5,8672.7,8606.9,8641.25,8641.25,275400
2017-01-30,8635.55,8662.6,8617.75,8632.75,8632.75,304700
2017-01-31,8629.45,8631.75,8552.4,8561.3,8561.3,521000
2017-02-01,8570.35,8722.4,8537.5,8716.4,8716.4,327700
2017-02-02,8724.75,8757.6,8685.8,8734.25,8734.25,283500
2017-02-03,8735.15,8748.25,8707.75,8740.95,8740.95,191000
2017-02-06,8785.45,8814.1,8770.2,8801.05,8801.05,194400
2017-02-07,8805.7,8809.3,8741.05,8768.3,8768.3,226300
2017-02-08,8774.55,8791.25,8715,8769.05,8769.05,218700
2017-02-09,8795.55,8821.4,8724.1,8778.4,8778.4,187500
2017-02-10,8812.35,8822.1,8771.2,8793.55,8793.55,225900
2017-02-13,8819.8,8826.9,8754.2,8805.05,8805.05,204900
2017-02-14,8819.9,8820.45,8772.5,8792.3,8792.3,188300
2017-02-15,8778.95,8807.9,8712.85,8724.7,8724.7,216100
2017-02-16,8739,8783.95,8719.6,8778,8778,184600
2017-02-17,8883.7,8896.45,8804.25,8821.7,8821.7,298300
2017-02-20,8818.55,8886.25,8809.8,8879.2,8879.2,167800
2017-02-21,8890.75,8920.8,8860.95,8907.85,8907.85,175700
2017-02-22,8931.6,8960.75,8905.25,8926.9,8926.9,247100
2017-02-23,8956.4,8982.15,8927.55,8939.5,8939.5,377200
2017-02-27,8943.7,8951.8,8888.65,8896.7,8896.7,189900
2017-02-28,8898.95,8914.75,8867.6,8879.6,8879.6,293600
2017-03-01,8904.4,8960.8,8898.6,8945.8,8945.8,205900
2017-03-02,8982.85,8992.5,8879.8,8899.75,8899.75,218800
2017-03-03,8883.5,8907.1,8860.1,8897.55,8897.55,202600
2017-03-06,8915.1,8967.8,8914,8963.45,8963.45,174800
2017-03-07,8977.75,8977.85,8932.8,8946.9,8946.9,173400
2017-03-08,8950.7,8957.05,8891.95,8924.3,8924.3,177800
2017-03-09,8914.5,8945.8,8899.5,8927,8927,171500
2017-03-10,8953.7,8975.7,8903.95,8934.55,8934.55,152700
2017-03-14,9091.65,9122.75,9060.5,9087,9087,270300
2017-03-15,9086.85,9106.55,9075.5,9084.8,9084.8,240600
2017-03-16,9129.65,9158.45,9128.55,9153.7,9153.7,208600
2017-03-17,9207.8,9218.4,9147.6,9160.05,9160.05,286700
2017-03-20,9166.95,9167.6,9116.3,9126.85,9126.85,332100
2017-03-21,9133.95,9147.75,9087.2,9121.5,9121.5,247700
2017-03-22,9047.2,9072.9,9019.3,9030.45,9030.45,232300
2017-03-23,9048.75,9099.05,9048.6,9086.3,9086.3,191800
2017-03-24,9104,9133.55,9089.4,9108,9108,203700
2017-03-27,9093.45,9094.85,9024.65,9045.2,9045.2,202700
2017-03-28,9081.5,9110.4,9079.8,9100.8,9100.8,183300
2017-03-29,9128.7,9153.15,9109.1,9143.8,9143.8,243400
2017-03-30,9142.6,9183.15,9136.35,9173.75,9173.75,323400
2017-03-31,9158.9,9191.7,9152.1,9173.75,9173.75,190900
2017-04-03,9220.6,9245.35,9192.4,9237.85,9237.85,139100
2017-04-05,9264.4,9273.9,9215.4,9265.15,9265.15,184800
2017-04-06,9245.8,9267.95,9218.85,9261.95,9261.95,186100
2017-04-07,9223.7,9250.5,9188.1,9198.3,9198.3,190000
2017-04-10,9225.6,9225.65,9174.85,9181.45,9181.45,135800
2017-04-11,9184.55,9242.7,9172.85,9237,9237,200100
2017-04-12,9242.5,9246.4,9161.8,9203.45,9203.45,161800
2017-04-13,9202.5,9202.65,9144.95,9150.8,9150.8,166500
2017-04-17,9144.75,9160,9120.25,9139.3,9139.3,0
2017-04-18,9163,9217.9,9095.45,9105.15,9105.15,174200
2017-04-19,9112.2,9120.5,9075.15,9103.5,9103.5,173700
2017-04-20,9108.1,9143.9,9102.65,9136.4,9136.4,170300
2017-04-21,9179.1,9183.65,9088.75,9119.4,9119.4,155200
2017-04-24,9135.35,9225.4,9130.55,9217.95,9217.95,167700
2017-04-25,9273.05,9309.2,9250.35,9306.6,9306.6,168700
2017-04-26,9336.2,9367,9301.35,9351.85,9351.85,185700
2017-04-27,9359.15,9367.15,9322.65,9342.15,9342.15,209400
2017-04-28,9340.95,9342.65,9282.25,9304.05,9304.05,162200
2017-05-02,9339.85,9352.55,9269.9,9313.8,9313.8,161600
2017-05-03,9344.7,9346.3,9298.4,9311.95,9311.95,151600
2017-05-04,9360.95,9365.65,9323.25,9359.9,9359.9,269600
2017-05-05,9374.55,9377.1,9272,9285.3,9285.3,231900
2017-05-08,9311.45,9338.7,9297.95,9314.05,9314.05,174300
2017-05-09,9337.35,9338.95,9307.7,9316.85,9316.85,132300
2017-05-10,9339.65,9414.75,9336,9407.3,9407.3,152700
2017-05-11,9448.6,9450.65,9411.3,9422.4,9422.4,171100
2017-05-12,9436.65,9437.75,9372.55,9400.9,9400.9,154300
2017-05-15,9433.55,9449.25,9423.1,9445.4,9445.4,140800
2017-05-16,9461,9517.2,9456.35,9512.25,9512.25,166500
2017-05-17,9517.6,9532.6,9486.1,9525.75,9525.75,205500
2017-05-18,9453.2,9489.1,9418.1,9429.45,9429.45,193300
2017-05-19,9469.9,9505.75,9390.75,9427.9,9427.9,252100
2017-05-22,9480.25,9498.65,9427.9,9438.25,9438.25,196800
2017-05-23,9445.05,9448.05,9370,9386.15,9386.15,224400
2017-05-24,9410.9,9431.9,9341.65,9360.55,9360.55,211800
2017-05-25,9384.05,9523.3,9379.2,9509.75,9509.75,289200
2017-05-26,9507.75,9604.9,9495.4,9595.1,9595.1,218800
2017-05-29,9560.05,9637.75,9547.7,9604.9,9604.9,235000
2017-05-30,9590.65,9635.3,9581.2,9624.55,9624.55,193900
2017-05-31,9636.55,9649.6,9609.25,9621.25,9621.25,414300
2017-06-01,9603.55,9634.65,9589.9,9616.1,9616.1,176100
2017-06-02,9657.15,9673.5,9637.45,9653.5,9653.5,162200
2017-06-05,9656.3,9687.2,9640.7,9675.1,9675.1,127700
2017-06-06,9704.25,9709.3,9630.2,9637.15,9637.15,145900
2017-06-07,9663.95,9678.55,9630.55,9663.9,9663.9,160700
2017-06-08,9682.4,9688.7,9641.5,9647.25,9647.25,155400
2017-06-09,9638.55,9676.25,9608.15,9668.25,9668.25,159000
2017-06-12,9646.7,9647.05,9598.5,9616.4,9616.4,141400
2017-06-13,9615.55,9654.15,9595.4,9606.9,9606.9,129700
2017-06-14,9621.55,9627.4,9580.45,9618.15,9618.15,181800
2017-06-15,9617.9,9621.4,9560.8,9578.05,9578.05,171100
2017-06-16,9595.45,9615.85,9565.5,9588.05,9588.05,213200
2017-06-19,9626.4,9673.3,9614.9,9657.55,9657.55,141700
2017-06-20,9670.5,9676.5,9643.75,9653.5,9653.5,159500
2017-06-21,9648.1,9650.45,9608.6,9633.6,9633.6,144000
2017-06-22,9642.65,9698.85,9617.75,9630,9630,198800
2017-06-23,9643.25,9647.65,9565.3,9574.95,9574.95,175200
2017-06-27,9594.05,9615.4,9473.45,9511.4,9511.4,203300
2017-06-28,9520.2,9522.5,9474.35,9491.25,9491.25,172400
2017-06-29,9522.95,9575.8,9493.8,9504.1,9504.1,259300
2017-06-30,9478.5,9535.8,9448.75,9520.9,9520.9,179600
2017-07-03,9587.95,9624,9543.55,9615,9615,183000
2017-07-04,9645.9,9650.65,9595.5,9613.3,9613.3,144800
2017-07-05,9619.75,9643.65,9607.35,9637.6,9637.6,130800
2017-07-06,9653.6,9700.7,9639.95,9674.55,9674.55,147400
2017-07-07,9670.35,9684.25,9642.65,9665.8,9665.8,141800
2017-07-10,9719.3,9782.15,9646.45,9771.05,9771.05,37500
2017-07-11,9797.45,9830.05,9778.85,9786.05,9786.05,179700
2017-07-12,9807.3,9824.95,9787.7,9816.1,9816.1,145500
2017-07-13,9855.8,9897.25,9853.45,9891.7,9891.7,181300
2017-07-14,9913.3,9913.3,9845.45,9886.35,9886.35,159600
2017-07-17,9908.15,9928.2,9894.7,9915.95,9915.95,163500
2017-07-18,9832.7,9885.35,9792.05,9827.15,9827.15,293900
2017-07-19,9855.95,9905.05,9851.65,9899.6,9899.6,200200
2017-07-20,9920.2,9922.55,9863.45,9873.3,9873.3,161100
2017-07-21,9899.6,9924.7,9838,9915.25,9915.25,187500
2017-07-24,9936.8,9982.05,9919.6,9966.4,9966.4,174500
2017-07-25,10010.55,10011.3,9949.1,9964.55,9964.55,185500
2017-07-26,9983.65,10025.95,9965.95,10020.65,10020.65,197600
2017-07-27,10063.25,10114.85,10005.5,10020.55,10020.55,287900
2017-07-28,9996.55,10026.05,9944.5,10014.5,10014.5,191600
2017-07-31,10034.7,10085.9,10016.95,10077.1,10077.1,237700
2017-08-01,10101.05,10128.6,10065.75,10114.65,10114.65,184300
2017-08-02,10136.3,10137.85,10054.2,10081.5,10081.5,161500
2017-08-03,10081.15,10081.15,9998.25,10013.65,10013.65,192700
2017-08-04,10008.6,10075.25,9988.35,10066.4,10066.4,178600
2017-08-07,10074.8,10088.1,10046.35,10057.4,10057.4,137400
2017-08-08,10068.35,10083.8,9947,9978.55,9978.55,203300
2017-08-09,9961.15,9969.8,9893.05,9908.05,9908.05,169200
2017-08-10,9872.85,9892.65,9776.2,9820.25,9820.25,235500
2017-08-11,9712.15,9771.65,9685.55,9710.8,9710.8,285900
2017-08-14,9755.75,9818.3,9752.1,9794.15,9794.15,195600
2017-08-16,9825.85,9903.95,9773.85,9897.3,9897.3,219500
2017-08-17,9945.55,9947.8,9883.75,9904.15,9904.15,197600
2017-08-18,9865.95,9865.95,9783.65,9837.4,9837.4,246300
2017-08-21,9864.25,9884.35,9740.1,9754.35,9754.35,205300
2017-08-22,9815.75,9828.45,9752.6,9765.55,9765.55,183600
2017-08-23,9803.05,9857.9,9786.75,9852.5,9852.5,168600
2017-08-24,9881.2,9881.5,9848.85,9857.05,9857.05,184700
2017-08-28,9907.15,9925.75,9882,9912.8,9912.8,159600
2017-08-29,9886.4,9887.35,9783.75,9796.05,9796.05,173300
2017-08-30,9859.5,9909.45,9850.8,9884.4,9884.4,157800
2017-08-31,9905.7,9925.1,9856.95,9917.9,9917.9,327700
2017-09-01,9937.65,9983.45,9909.85,9974.4,9974.4,157800
2017-09-04,9984.15,9988.4,9861,9912.85,9912.85,148800
2017-09-05,9933.25,9963.1,9901.05,9952.2,9952.2,139200
2017-09-06,9899.25,9931.55,9882.55,9916.2,9916.2,149200
2017-09-07,9945.85,9964.85,9917.2,9929.9,9929.9,188800
2017-09-08,9958.65,9963.6,9913.3,9934.8,9934.8,163600
2017-09-11,9971.75,10028.65,9968.8,10006.05,10006.05,173000
2017-09-12,10056.85,10097.55,10028.05,10093.05,10093.05,182600
2017-09-13,10099.25,10131.95,10063.15,10079.3,10079.3,215000
2017-09-14,10107.4,10126.5,10070.35,10086.6,10086.6,225600
2017-09-15,10062.35,10115.15,10043.65,10085.4,10085.4,266600
2017-09-18,10133.1,10171.7,10131.3,10153.1,10153.1,156100
2017-09-19,10175.6,10178.95,10129.95,10147.55,10147.55,187500
2017-09-20,10160.95,10171.05,10134.2,10141.15,10141.15,199400
2017-09-21,10139.6,10158.9,10058.6,10121.9,10121.9,191800
2017-09-22,10094.35,10095.05,9952.8,9964.4,9964.4,226600
2017-09-25,9960.1,9960.5,9816.05,9872.6,9872.6,221400
2017-09-26,9875.25,9891.35,9813,9871.5,9871.5,190900
2017-09-27,9920.6,9921.05,9714.4,9735.75,9735.75,200100
2017-09-28,9736.4,9789.2,9687.55,9768.95,9768.95,385000
2017-09-29,9814.3,9854,9775.35,9788.6,9788.6,196300
2017-10-03,9893.3,9895.4,9831.05,9859.5,9859.5,162800
2017-10-04,9884.35,9938.3,9850.65,9914.9,9914.9,156200
2017-10-05,9927,9945.95,9881.85,9888.7,9888.7,147800
2017-10-06,9908.15,9989.35,9906.6,9979.7,9979.7,195800
2017-10-09,9988.2,10015.75,9959.45,9988.75,9988.75,143900
2017-10-10,10013.7,10034,10002.3,10016.95,10016.95,148600
2017-10-11,10042.6,10067.25,9955.8,9984.8,9984.8,189700
2017-10-12,10011.2,10104.45,9977.1,10096.4,10096.4,200900
2017-10-13,10123.7,10191.9,10120.1,10167.45,10167.45,230100
2017-10-16,10207.4,10242.95,10175.1,10230.85,10230.85,203000
2017-10-17,10227.65,10251.85,10212.6,10234.45,10234.45,195700
2017-10-18,10209.4,10236.45,10175.75,10210.85,10210.85,254200
2017-10-19,10210.35,10211.95,10123.35,10146.55,10146.55,30200
2017-10-23,10176.65,10224.15,10124.5,10184.85,10184.85,218100
2017-10-24,10218.55,10237.75,10182.4,10207.7,10207.7,217200
2017-10-25,10321.15,10340.55,10240.9,10295.35,10295.35,594200
2017-10-26,10291.8,10355.65,10271.85,10343.8,10343.8,429700
2017-10-27,10362.3,10366.15,10311.3,10323.05,10323.05,312700
2017-10-30,10353.85,10384.5,10344.3,10363.65,10363.65,236900
2017-10-31,10364.9,10367.7,10323.95,10335.3,10335.3,232600
2017-11-01,10390.35,10451.65,10383.05,10440.5,10440.5,260300
2017-11-02,10440.5,10453,10412.55,10423.8,10423.8,201500
2017-11-03,10461.55,10461.7,10403.6,10452.5,10452.5,199900
2017-11-06,10431.75,10490.45,10413.75,10451.8,10451.8,193600
2017-11-07,10477.15,10485.75,10340.8,10350.15,10350.15,286900
2017-11-08,10361.95,10384.25,10285.5,10303.15,10303.15,274500
2017-11-09,10358.65,10368.45,10266.95,10308.95,10308.95,240200
2017-11-10,10304.35,10344.95,10254.1,10321.75,10321.75,279400
2017-11-13,10322,10334.15,10216.25,10224.95,10224.95,210300
2017-11-14,10223.4,10248,10175.55,10186.6,10186.6,305000
2017-11-15,10171.95,10175.45,10094,10118.05,10118.05,207400
2017-11-16,10152.9,10232.25,10139.2,10214.75,10214.75,182600
2017-11-17,10324.55,10343.6,10268.05,10283.6,10283.6,203300
2017-11-20,10287.2,10309.85,10261.5,10298.75,10298.75,147200
2017-11-21,10329.25,10358.7,10315.05,10326.9,10326.9,186100
2017-11-22,10350.8,10368.7,10309.55,10342.3,10342.3,157600
2017-11-23,10358.45,10374.3,10307.3,10348.75,10348.75,153000
2017-11-24,10366.8,10404.5,10362.25,10389.7,10389.7,129200
2017-11-27,10361.05,10407.15,10340.2,10399.55,10399.55,141900
2017-11-28,10387.9,10409.55,10355.2,10370.25,10370.25,196000
2017-11-29,10376.65,10392.95,10345.9,10361.3,10361.3,152500
2017-11-30,10332.7,10332.7,10211.25,10226.55,10226.55,342500
2017-12-01,10263.7,10272.7,10108.55,10121.8,10121.8,143400
2017-12-04,10175.05,10179.2,10095.7,10127.75,10127.75,148600
2017-12-05,10118.25,10147.95,10069.1,10118.25,10118.25,155500
2017-12-06,10088.8,10104.2,10033.35,10044.1,10044.1,166100
2017-12-07,10063.45,10182.65,10061.9,10166.7,10166.7,166200
2017-12-08,10198.45,10270.85,10195.25,10265.65,10265.65,200000
2017-12-11,10310.5,10329.2,10282.05,10322.25,10322.25,147400
2017-12-12,10324.9,10326.1,10230.2,10240.15,10240.15,175100
2017-12-13,10236.6,10296.55,10169.85,10192.95,10192.95,181600
2017-12-14,10229.3,10276.1,10141.55,10252.1,10252.1,154300
2017-12-15,10345.65,10373.1,10319.65,10333.25,10333.25,255100
2017-12-18,10263.1,10443.55,10074.8,10388.75,10388.75,230400
2017-12-19,10414.8,10472.2,10406,10463.2,10463.2,169100
2017-12-20,10494.4,10494.45,10437.15,10444.2,10444.2,175200
2017-12-21,10473.95,10473.95,10426.9,10440.3,10440.3,151900
2017-12-22,10457.3,10501.1,10448.25,10493,10493,138800
2017-12-26,10512.3,10545.45,10477.95,10531.5,10531.5,155600
2017-12-27,10531.05,10552.4,10469.25,10490.75,10490.75,165200
2017-12-28,10498.2,10534.55,10460.45,10477.9,10477.9,272900
2017-12-29,10492.35,10538.7,10488.65,10530.7,10530.7,152000
2018-01-02,10477.55,10495.2,10404.65,10442.2,10442.2,153400
2018-01-03,10482.65,10503.6,10429.55,10443.2,10443.2,167300
2018-01-04,10469.4,10513,10441.45,10504.8,10504.8,174900
2018-01-05,10534.25,10566.1,10520.1,10558.85,10558.85,180900
2018-01-08,10591.7,10631.2,10588.55,10623.6,10623.6,169000
2018-01-09,10645.1,10659.15,10603.6,10637,10637,205000
2018-01-10,10652.05,10655.5,10592.7,10632.2,10632.2,176400
2018-01-11,10637.05,10664.6,10612.35,10651.2,10651.2,153800
2018-01-12,10682.55,10690.4,10597.1,10681.25,10681.25,175200
2018-01-15,10718.5,10782.65,10713.8,10741.55,10741.55,175900
2018-01-16,10761.5,10762.35,10687.85,10700.45,10700.45,211000
2018-01-17,10702.45,10803,10666.75,10788.55,10788.55,252700
2018-01-18,10873.4,10887.5,10782.4,10817,10817,312000
2018-01-19,10829.2,10906.85,10793.9,10894.7,10894.7,207600
2018-01-22,10883.2,10975.1,10881.4,10966.2,10966.2,231600
2018-01-23,10997.4,11092.9,10994.55,11083.7,11083.7,284600
2018-01-24,11069.35,11110.1,11046.15,11086,11086,283400
2018-01-25,11095.6,11095.6,11009.2,11069.65,11069.65,330300
2018-01-29,11079.35,11171.55,11075.95,11130.4,11130.4,241700
2018-01-30,11120.85,11121.1,11033.9,11049.65,11049.65,228000
2018-01-31,11018.8,11058.5,10979.3,11027.7,11027.7,245900
2018-02-01,11044.55,11117.35,10878.8,11016.9,11016.9,306200
2018-02-02,10938.2,10954.95,10736.1,10760.6,10760.6,282700
2018-02-05,10604.3,10702.75,10586.8,10666.55,10666.55,240100
2018-02-06,10295.15,10594.15,10276.3,10498.25,10498.25,266500
2018-02-07,10607.2,10614,10446.4,10476.7,10476.7,250400
2018-02-08,10518.5,10637.8,10479.55,10576.85,10576.85,232200
2018-02-09,10416.5,10480.2,10398.2,10454.95,10454.95,191600
2018-02-12,10518.2,10555.5,10485.4,10539.75,10539.75,217400
2018-02-14,10585.75,10590.55,10456.65,10500.9,10500.9,229200
2018-02-15,10537.9,10618.1,10511.05,10545.5,10545.5,210600
2018-02-16,10596.2,10612.9,10434.05,10452.3,10452.3,184300
2018-02-19,10488.9,10489.35,10302.75,10378.4,10378.4,187300
2018-02-20,10391,10429.35,10347.65,10360.4,10360.4,187700
2018-02-21,10426,10426.1,10349.6,10397.45,10397.45,234100
2018-02-22,10354.35,10397.55,10340.65,10382.7,10382.7,313600
2018-02-23,10408.1,10499.1,10396.65,10491.05,10491.05,210600
2018-02-26,10526.55,10592.95,10520.2,10582.6,10582.6,171900
2018-02-27,10615.2,10631.65,10537.25,10554.3,10554.3,187500
2018-02-28,10488.95,10535.5,10461.55,10492.85,10492.85,286000
2018-03-01,10479.95,10525.5,10447.15,10458.35,10458.35,176000
2018-03-05,10428.3,10428.7,10323.9,10358.85,10358.85,194000
2018-03-06,10420.5,10441.35,10215.9,10249.25,10249.25,222900
2018-03-07,10232.95,10243.35,10141.55,10154.2,10154.2,249500
2018-03-08,10216.25,10270.35,10146.4,10242.65,10242.65,226400
2018-03-09,10271.3,10296.7,10211.9,10226.85,10226.85,186500
2018-03-12,10301.6,10433.65,10295.45,10421.4,10421.4,216400
2018-03-13,10389.5,10478.6,10377.85,10426.85,10426.85,266700
2018-03-14,10393.05,10420.35,10336.3,10410.9,10410.9,181400
2018-03-15,10405.45,10420,10346.2,10360.15,10360.15,173900
2018-03-16,10345.15,10346.3,10180.25,10195.15,10195.15,328500
2018-03-19,10215.35,10224.55,10075.3,10094.25,10094.25,210200
2018-03-20,10051.55,10155.65,10049.1,10124.35,10124.35,203000
2018-03-21,10181.95,10227.3,10132.95,10155.25,10155.25,204800
2018-03-22,10167.5,10207.85,10105.4,10114.75,10114.75,230500
2018-03-23,9968.8,10027.7,9951.9,9998.05,9998.05,285700
2018-03-26,9989.15,10143.5,9958.55,10130.65,10130.65,262600
2018-03-27,10188,10207.9,10139.65,10184.15,10184.15,225700
2018-03-28,10143.6,10158.35,10096.9,10113.7,10113.7,344400
2018-04-02,10151.65,10220.1,10127.75,10211.8,10211.8,225400
2018-04-03,10186.85,10255.35,10171.05,10245,10245,205300
2018-04-04,10274.6,10279.85,10111.3,10128.4,10128.4,231100
2018-04-05,10228.45,10331.8,10227.45,10325.15,10325.15,236800
2018-04-06,10322.75,10350.45,10290.85,10331.6,10331.6,200200
2018-04-09,10333.7,10397.7,10328.5,10379.35,10379.35,221600
2018-04-10,10412.9,10424.85,10381.5,10402.25,10402.25,251700
2018-04-11,10428.15,10428.15,10355.6,10417.15,10417.15,250400
2018-04-12,10410.65,10469.9,10395.25,10458.65,10458.65,238600
2018-04-13,10495.3,10519.9,10451.45,10480.6,10480.6,213100
2018-04-16,10398.3,10540.15,10396.35,10528.35,10528.35,195000
2018-04-17,10557.3,10560.45,10495.65,10548.7,10548.7,206100
2018-04-18,10578.9,10594.2,10509.7,10526.2,10526.2,205400
2018-04-19,10563.65,10572.2,10546.2,10565.3,10565.3,262600
2018-04-20,10560.35,10582.35,10527.45,10564.05,10564.05,244600
2018-04-23,10592.8,10638.35,10514.95,10584.7,10584.7,194200
2018-04-24,10578.1,10636.8,10569,10614.35,10614.35,219200
2018-04-25,10612.4,10612.6,10536.45,10570.55,10570.55,189200
2018-04-26,10586.5,10628.4,10559.65,10617.8,10617.8,335100
2018-04-27,10651.65,10719.8,10647.55,10692.3,10692.3,0
2018-04-30,10705.75,10759,10704.6,10739.35,10739.35,173800
2018-05-02,10783.85,10784.65,10689.8,10718.05,10718.05,229700
2018-05-03,10720.15,10720.6,10647.45,10679.65,10679.65,185200
2018-05-04,10700.45,10700.45,10601.6,10618.25,10618.25,186500
2018-05-07,10653.15,10725.65,10635.65,10715.5,10715.5,168400
2018-05-08,10757.9,10758.55,10689.4,10717.8,10717.8,269800
2018-05-09,10693.35,10766.25,10689.85,10741.7,10741.7,215400
2018-05-10,10779.65,10785.55,10705,10716.55,10716.55,192100
2018-05-11,10741.95,10812.05,10724.45,10806.5,10806.5,203100
2018-05-14,10815.15,10834.85,10774.75,10806.6,10806.6,171400
2018-05-15,10812.6,10929.2,10781.4,10801.85,10801.85,254300
2018-05-16,10751.95,10790.45,10699.7,10741.1,10741.1,231100
2018-05-17,10775.6,10777.25,10664.5,10682.7,10682.7,214100
2018-05-18,10671.85,10674.95,10589.1,10596.4,10596.4,223000
2018-05-21,10616.7,10621.7,10505.8,10516.7,10516.7,0
2018-05-22,10518.45,10558.6,10490.55,10536.7,10536.7,241700
2018-05-23,10521.1,10533.55,10417.8,10430.35,10430.35,290900
2018-05-24,10464.85,10535.15,10419.8,10513.85,10513.85,297600
2018-05-25,10533.05,10628.05,10524,10605.15,10605.15,260800
2018-05-28,10648.35,10709.8,10640.55,10688.65,10688.65,232600
2018-05-29,10689.4,10717.25,10616.1,10633.3,10633.3,225800
2018-05-30,10579,10648.7,10558.45,10614.35,10614.35,238700
2018-05-31,10670.1,10763.8,10620.4,10736.15,10736.15,610300
2018-06-01,10738.45,10764.75,10681.5,10696.2,10696.2,220600
2018-06-04,10765.95,10770.3,10618.35,10628.5,10628.5,203800
2018-06-05,10630.7,10633.15,10550.9,10593.15,10593.15,167700
2018-06-06,10603.45,10698.35,10587.5,10684.65,10684.65,189900
2018-06-07,10722.6,10818,10722.6,10768.35,10768.35,220900
2018-06-08,10736.4,10779.45,10709.05,10767.65,10767.65,209400
2018-06-11,10781.85,10850.55,10777.05,10786.95,10786.95,211400
2018-06-12,10816.15,10856.55,10789.4,10842.85,10842.85,198300
2018-06-13,10887.5,10893.25,10842.65,10856.7,10856.7,213400
2018-06-14,10832.9,10833.7,10773.55,10808.05,10808.05,184300
2018-06-15,10808.65,10834,10755.4,10817.7,10817.7,305400
2018-06-18,10830.2,10830.2,10787.35,10799.85,10799.85,196600
2018-06-19,10789.45,10789.45,10701.2,10710.45,10710.45,224500
2018-06-20,10734.65,10781.8,10724.05,10772.05,10772.05,193500
2018-06-21,10808.45,10809.6,10725.9,10741.1,10741.1,223600
2018-06-22,10742.7,10837,10710.45,10821.85,10821.85,229800
2018-06-25,10822.9,10831.05,10753.05,10762.45,10762.45,229600
2018-06-26,10742.7,10805.25,10732.55,10769.15,10769.15,220000
2018-06-27,10785.5,10785.5,10652.4,10671.4,10671.4,246000
2018-06-28,10660.8,10674.2,10557.7,10589.1,10589.1,352300
2018-06-29,10612.85,10723.05,10612.35,10714.3,10714.3,242800
2018-07-02,10732.35,10736.15,10604.65,10657.3,10657.3,295400
2018-07-03,10668.6,10713.3,10630.25,10699.9,10699.9,202100
2018-07-04,10715,10777.15,10677.75,10769.9,10769.9,173900
2018-07-05,10786.05,10786.05,10726.25,10749.75,10749.75,220500
2018-07-06,10744.15,10816.35,10735.05,10772.65,10772.65,0
2018-07-09,10838.3,10860.35,10807.15,10852.9,10852.9,183600
2018-07-10,10902.75,10956.9,10876.65,10947.25,10947.25,197000
2018-07-11,10956.4,10976.65,10923,10948.3,10948.3,222300
2018-07-12,11006.95,11078.3,10999.65,11023.2,11023.2,248300
2018-07-13,11056.9,11071.35,10999.75,11018.9,11018.9,0
2018-07-16,11018.95,11019.5,10926.25,10936.85,10936.85,210500
2018-07-17,10939.65,11018.5,10925.6,11008.05,11008.05,210600
2018-07-18,11060.2,11076.2,10956.3,10980.45,10980.45,225500
2018-07-19,10999.5,11006.5,10935.45,10957.1,10957.1,215400
2018-07-20,10963.5,11030.25,10946.2,11010.2,11010.2,187300
2018-07-23,11019.85,11093.4,11010.95,11084.75,11084.75,229100
2018-07-24,11109,11143.4,11092.5,11134.3,11134.3,205800
2018-07-25,11148.4,11157.15,11113.25,11132,11132,205900
2018-07-26,11132.95,11185.85,11125.7,11167.3,11167.3,365400
2018-07-27,11232.75,11283.4,11210.25,11278.35,11278.35,314600
2018-07-30,11296.65,11328.1,11261.45,11319.55,11319.55,278800
2018-07-31,11311.05,11366,11267.75,11356.5,11356.5,256500
2018-08-01,11359.8,11390.55,11313.55,11346.2,11346.2,269700
2018-08-02,11328.9,11328.9,11234.95,11244.7,11244.7,210000
2018-08-03,11297.8,11368,11294.55,11360.8,11360.8,218300
2018-08-06,11401.5,11427.65,11370.6,11387.1,11387.1,203700
2018-08-07,11423.15,11428.95,11359.7,11389.45,11389.45,226400
2018-08-08,11412.5,11459.95,11379.3,11450,11450,210500
2018-08-09,11493.25,11495.2,11454.1,11470.7,11470.7,302200
2018-08-10,11474.95,11478.75,11419.65,11429.5,11429.5,0
2018-08-13,11369.6,11406.3,11340.3,11355.75,11355.75,246900
2018-08-14,11381.7,11452.45,11370.8,11435.1,11435.1,232600
2018-08-16,11397.15,11449.85,11366.25,11385.05,11385.05,290600
2018-08-17,11437.15,11486.45,11431.8,11470.75,11470.75,234700
2018-08-20,11502.1,11565.3,11499.65,11551.75,11551.75,232600
2018-08-21,11576.2,11581.75,11539.6,11570.9,11570.9,224200
2018-08-23,11620.7,11620.7,11546.7,11582.75,11582.75,248500
2018-08-24,11566.6,11604.6,11532,11557.1,11557.1,218800
2018-08-27,11605.85,11700.95,11595.6,11691.95,11691.95,199500
2018-08-28,11731.95,11760.2,11710.5,11738.5,11738.5,241900
2018-08-29,11744.95,11753.2,11678.85,11691.9,11691.9,251600
2018-08-30,11694.75,11698.8,11639.7,11676.8,11676.8,313800
2018-08-31,11675.85,11727.65,11640.1,11680.5,11680.5,346500
2018-09-03,11751.8,11751.8,11567.4,11582.35,11582.35,234400
2018-09-04,11598.75,11602.55,11496.85,11520.3,11520.3,254800
2018-09-05,11514.85,11542.65,11393.85,11476.95,11476.95,246100
2018-09-06,11514.15,11562.25,11436.05,11536.9,11536.9,247900
2018-09-07,11558.25,11603,11484.4,11589.1,11589.1,295900
2018-09-10,11570.25,11573,11427.3,11438.1,11438.1,286700
2018-09-11,11476.85,11479.4,11274,11287.5,11287.5,0
2018-09-12,11340.1,11380.75,11250.2,11369.9,11369.9,268200
2018-09-14,11443.5,11523.25,11430.55,11515.2,11515.2,276600
2018-09-17,11464.95,11464.95,11366.9,11377.75,11377.75,201400
2018-09-18,11381.55,11411.45,11268.95,11278.9,11278.9,240900
2018-09-19,11326.65,11332.05,11210.9,11234.35,11234.35,250600
2018-09-21,11271.3,11346.8,10866.45,11143.1,11143.1,719000
2018-09-24,11164.4,11170.15,10943.6,10967.4,10967.4,0
2018-09-25,10969.95,11080.6,10882.85,11067.45,11067.45,405000
2018-09-26,11145.55,11145.55,10993.05,11053.8,11053.8,340500
2018-09-27,11079.8,11089.45,10953.35,10977.55,10977.55,405700
2018-09-28,11008.1,11034.1,10850.3,10930.45,10930.45,478100
2018-10-01,10930.9,11035.65,10821.55,11008.3,11008.3,387000
2018-10-03,10982.7,10989.05,10843.75,10858.25,10858.25,386800
2018-10-04,10754.7,10754.7,10547.25,10599.25,10599.25,425100
2018-10-05,10514.1,10540.65,10261.9,10316.45,10316.45,606400
2018-10-08,10310.15,10398.35,10198.4,10348.05,10348.05,456200
2018-10-09,10390.3,10397.6,10279.35,10301.05,10301.05,430500
2018-10-10,10331.85,10482.35,10318.25,10460.1,10460.1,0
2018-10-11,10169.8,10335.95,10138.6,10234.65,10234.65,483500
2018-10-12,10331.55,10492.45,10322.15,10472.5,10472.5,343500
2018-10-15,10524.2,10526.3,10410.15,10512.5,10512.5,259500
2018-10-16,10550.15,10604.9,10525.3,10584.75,10584.75,265200
2018-10-17,10688.7,10710.15,10436.45,10453.05,10453.05,284800
2018-10-19,10339.7,10380.1,10249.6,10303.55,10303.55,357500
2018-10-22,10405.85,10408.55,10224,10245.25,10245.25,297300
2018-10-23,10152.6,10222.1,10102.35,10146.8,10146.8,302600
2018-10-24,10278.15,10290.65,10126.7,10224.75,10224.75,351400
2018-10-25,10135.05,10166.6,10079.3,10124.9,10124.9,0
2018-10-26,10122.35,10128.85,10004.55,10030,10030,364300
2018-10-29,10078.1,10275.3,10020.35,10250.85,10250.85,364400
2018-10-30,10239.4,10285.1,10175.35,10198.4,10198.4,289800
2018-10-31,10209.55,10396,10105.1,10386.6,10386.6,375000
2018-11-01,10441.7,10441.9,10341.9,10380.45,10380.45,348500
2018-11-02,10462.3,10606.95,10457.7,10553,10553,421200
2018-11-05,10558.75,10558.8,10477,10524,10524,301900
2018-11-06,10552,10600.25,10491.45,10530,10530,0
2018-11-07,10614.45,10616.45,10582.3,10598.4,10598.4,31200
2018-11-09,10614.7,10619.55,10544.85,10585.2,10585.2,296600
2018-11-12,10607.8,10645.5,10464.05,10482.2,10482.2,259700
2018-11-13,10451.9,10596.25,10440.55,10582.5,10582.5,254600
2018-11-14,10634.9,10651.6,10532.7,10576.3,10576.3,384500
2018-11-15,10580.6,10646.5,10557.5,10616.7,10616.7,0
2018-11-16,10644,10695.15,10631.15,10682.2,10682.2,342800
2018-11-19,10731.25,10774.7,10688.8,10763.4,10763.4,272100
2018-11-20,10740.1,10740.85,10640.85,10656.2,10656.2,295200
2018-11-21,10670.95,10671.3,10562.35,10600.05,10600.05,300900
2018-11-22,10612.65,10646.25,10512,10526.75,10526.75,239500
2018-11-26,10568.3,10637.8,10489.75,10628.6,10628.6,0
2018-11-27,10621.45,10695.15,10596.35,10685.6,10685.6,0
2018-11-28,10708.75,10757.8,10699.85,10728.85,10728.85,424500
2018-11-29,10808.7,10883.05,10782.35,10858.7,10858.7,691300
2018-11-30,10892.1,10922.45,10835.1,10876.75,10876.75,453900
2018-12-03,10930.7,10941.2,10845.35,10883.75,10883.75,409700
2018-12-04,10877.1,10890.95,10833.35,10869.5,10869.5,322100
2018-12-05,10820.45,10821.05,10747.95,10782.9,10782.9,312300
2018-12-06,10718.15,10722.65,10588.25,10601.15,10601.15,318500
2018-12-07,10644.8,10704.55,10599.35,10693.7,10693.7,325800
2018-12-10,10508.7,10558.85,10474.95,10488.45,10488.45,381300
2018-12-11,10350.05,10567.15,10333.85,10549.15,10549.15,425500
2018-12-12,10591,10752.2,10560.8,10737.6,10737.6,360500
2018-12-13,10810.75,10838.6,10749.5,10791.55,10791.55,376200
2018-12-14,10784.5,10815.75,10752.1,10805.45,10805.45,340100
2018-12-17,10853.2,10900.35,10844.85,10888.35,10888.35,296900
2018-12-18,10850.9,10915.4,10819.1,10908.7,10908.7,286100
2018-12-19,10930.55,10985.15,10928,10967.3,10967.3,312100
2018-12-20,10885.2,10962.55,10880.05,10951.7,10951.7,318900
2018-12-21,10944.25,10963.65,10738.65,10754,10754,377500
2018-12-24,10780.9,10782.3,10649.25,10663.5,10663.5,223400
2018-12-26,10635.45,10747.5,10534.55,10729.85,10729.85,263700
2018-12-27,10817.9,10834.2,10764.45,10779.8,10779.8,456100
2018-12-28,10820.95,10893.6,10817.15,10859.9,10859.9,245500
2018-12-31,10913.2,10923.55,10853.2,10862.55,10862.55,180900
2019-01-02,10868.85,10895.35,10735.05,10792.5,10792.5,309700
2019-01-03,10796.8,10814.05,10661.25,10672.25,10672.25,286200
2019-01-04,10699.7,10741.05,10628.65,10727.35,10727.35,296600
2019-01-07,10804.85,10835.95,10750.15,10771.8,10771.8,269400
2019-01-08,10786.25,10818.45,10733.25,10802.15,10802.15,277700
2019-01-09,10862.4,10870.4,10749.4,10855.15,10855.15,333000
2019-01-10,10859.35,10859.35,10801.8,10821.6,10821.6,254400
2019-01-11,10834.75,10850.15,10739.4,10794.95,10794.95,260800
2019-01-14,10807,10808,10692.35,10737.6,10737.6,298800
2019-01-15,10777.55,10896.95,10777.55,10886.8,10886.8,310700
2019-01-16,10899.65,10928.15,10876.9,10890.3,10890.3,276500
2019-01-17,10920.85,10930.65,10844.65,10905.2,10905.2,271700
2019-01-18,10914.85,10928.2,10852.2,10906.95,10906.95,323800
2019-01-21,10919.35,10987.45,10885.75,10961.85,10961.85,288800
2019-01-22,10949.8,10949.8,10864.15,10922.75,10922.75,300800
2019-01-23,10931.05,10944.8,10811.95,10831.5,10831.5,298900
2019-01-24,10844.05,10866.6,10798.65,10849.8,10849.8,361100
2019-01-25,10859.75,10931.7,10756.45,10780.55,10780.55,463400
2019-01-28,10792.45,10804.45,10630.95,10661.55,10661.55,419700
2019-01-29,10653.7,10690.35,10583.65,10652.2,10652.2,356900
2019-01-30,10702.25,10710.2,10612.85,10651.8,10651.8,410100
2019-01-31,10690.55,10838.05,10678.55,10830.95,10830.95,604800
2019-02-01,10851.35,10983.45,10813.45,10893.65,10893.65,482300
2019-02-04,10876.75,10927.9,10814.15,10912.25,10912.25,318300
2019-02-05,10908.65,10956.7,10886.7,10934.35,10934.35,268100
2019-02-06,10965.1,11072.6,10962.7,11062.45,11062.45,298500
2019-02-07,11070.45,11118.1,11043.6,11069.4,11069.4,263500
2019-02-08,11023.5,11041.2,10925.45,10943.6,10943.6,352800
2019-02-11,10930.9,10930.9,10857.1,10888.8,10888.8,286000
2019-02-12,10879.7,10910.9,10823.8,10831.4,10831.4,292300
2019-02-14,10786.1,10792.7,10718.75,10746.05,10746.05,627000
2019-02-15,10780.25,10785.75,10620.4,10724.4,10724.4,521900
2019-02-18,10738.65,10759.9,10628.4,10640.95,10640.95,345400
2019-02-19,10636.7,10722.85,10585.65,10604.35,10604.35,291500
2019-02-20,10655.45,10752.7,10646.4,10735.45,10735.45,289200
2019-02-21,10744.1,10808.85,10721.5,10789.85,10789.85,279600
2019-02-22,10782.7,10801.55,10758.4,10791.65,10791.65,396800
2019-02-25,10813.25,10887.1,10788.05,10880.1,10880.1,385900
2019-02-26,10775.3,10888.75,10729.3,10835.3,10835.3,415000
2019-02-27,10881.2,10939.7,10751.2,10806.65,10806.65,381100
2019-02-28,10865.7,10865.7,10784.85,10792.5,10792.5,644200
2019-03-01,10842.65,10877.9,10823.1,10863.5,10863.5,308500
2019-03-05,10864.85,10994.9,10817,10987.45,10987.45,373200
2019-03-06,11024.85,11062.3,10998.85,11053,11053,372600
2019-03-07,11077.95,11089.05,11027.1,11058.2,11058.2,321200
2019-03-08,11038.85,11049,11008.95,11035.4,11035.4,326600
2019-03-11,11068.75,11180.9,11059.85,11168.05,11168.05,352200
2019-03-12,11231.35,11320.4,11227,11301.2,11301.2,391300
2019-03-13,11326.2,11352.3,11276.6,11341.7,11341.7,383000
2019-03-14,11382.5,11383.45,11313.75,11343.25,11343.25,294500
2019-03-15,11376.85,11487,11370.8,11426.85,11426.85,463700
2019-03-18,11473.85,11530.15,11412.5,11462.2,11462.2,320300
2019-03-19,11500.3,11543.85,11451.25,11532.4,11532.4,326100
2019-03-20,11553.35,11556.1,11503.1,11521.05,11521.05,366300
2019-03-22,11549.2,11572.8,11434.55,11456.9,11456.9,386200
2019-03-25,11395.65,11395.65,11311.6,11354.25,11354.25,294500
2019-03-26,11375.2,11496.75,11352.45,11483.25,11483.25,282600
2019-03-27,11531.45,11546.2,11413,11445.05,11445.05,350400
2019-03-28,11463.65,11588.5,11452.45,11570,11570,527700
2019-04-01,11665.2,11738.1,11644.75,11669.15,11669.15,379600
2019-04-02,11711.55,11729.35,11655.85,11713.2,11713.2,386100
2019-04-03,11735.3,11761,11629.15,11643.95,11643.95,365800
2019-04-04,11660.2,11662.55,11559.2,11598,11598,349000
2019-04-05,11638.4,11689.65,11609.5,11665.95,11665.95,266700
2019-04-08,11704.35,11710.3,11549.1,11604.5,11604.5,260900
2019-04-09,11612.05,11683.9,11569.7,11671.95,11671.95,300500
2019-04-10,11646.85,11680.05,11571.75,11584.3,11584.3,359900
2019-04-11,11592.55,11606.7,11550.55,11596.7,11596.7,279800
2019-04-12,11612.85,11657.35,11578.8,11643.45,11643.45,246000
2019-04-15,11667,11704.6,11648.25,11690.35,11690.35,290000
2019-04-16,11736.2,11810.95,11731.55,11787.15,11787.15,354300
2019-04-18,11856.15,11856.15,11738.5,11752.8,11752.8,339700
2019-04-22,11727.05,11727.05,11583.95,11594.45,11594.45,260400
2019-04-23,11612.95,11645.95,11564.8,11575.95,11575.95,272500
2019-04-24,11601.5,11740.85,11578.85,11726.15,11726.15,335200
2019-04-25,11735.7,11796.75,11624.3,11641.8,11641.8,604400
2019-04-26,11683.75,11762.9,11661.75,11754.65,11754.65,333500
2019-04-30,11748.75,11756.25,11655.9,11748.15,11748.15,532600
2019-05-02,11725.55,11789.3,11699.55,11724.75,11724.75,380300
2019-05-03,11722.6,11770.9,11699.35,11712.25,11712.25,305500
2019-05-06,11605.8,11632.55,11571.35,11598.25,11598.25,299000
2019-05-07,11651.5,11657.05,11484.45,11497.9,11497.9,337500
2019-05-08,11478.7,11479.1,11346.95,11359.45,11359.45,372800
2019-05-09,11322.4,11357.6,11255.05,11301.8,11301.8,373000
2019-05-10,11314.15,11345.8,11251.05,11278.9,11278.9,387300
2019-05-13,11258.7,11300.2,11125.6,11148.2,11148.2,357600
2019-05-14,11151.65,11294.75,11108.3,11222.05,11222.05,398100
2019-05-15,11271.7,11286.8,11136.95,11157,11157,414200
2019-05-16,11180.35,11281.55,11143.35,11257.1,11257.1,350700
2019-05-17,11261.9,11426.15,11259.85,11407.15,11407.15,412100
2019-05-20,11651.9,11845.2,11591.7,11828.25,11828.25,452100
2019-05-21,11863.65,11883.55,11682.8,11709.1,11709.1,381000
2019-05-22,11727.95,11784.8,11682.4,11737.9,11737.9,355900
2019-05-23,11901.3,12041.15,11614.5,11657.05,11657.05,569000
2019-05-24,11748,11859,11658.1,11844.1,11844.1,374600
2019-05-27,11855.5,11957.15,11812.4,11924.75,11924.75,348400
2019-05-28,11958.35,11958.55,11864.9,11928.75,11928.75,598300
2019-05-29,11905.8,11931.9,11836.8,11861.1,11861.1,318100
2019-05-30,11865.3,11968.55,11859.4,11945.9,11945.9,421200
2019-05-31,11999.8,12039.25,11829.45,11922.8,11922.8,438900
2019-06-03,11953.75,12103.05,11920.1,12088.55,12088.55,315300
2019-06-04,12052.65,12095.2,12005.85,12021.65,12021.65,289200
2019-06-06,12039.8,12039.8,11830.25,11843.75,11843.75,415200
2019-06-07,11865.2,11897.5,11769.5,11870.65,11870.65,302500
2019-06-10,11934.9,11975.05,11871.75,11922.7,11922.7,303300
2019-06-11,11959.85,12000.35,11904.35,11965.6,11965.6,332200
2019-06-12,11962.45,11962.45,11866.35,11906.2,11906.2,283700
2019-06-13,11873.9,11931.35,11817.05,11914.05,11914.05,447900
2019-06-14,11910.1,11911.85,11797.7,11823.3,11823.3,390300
2019-06-17,11844,11844.05,11657.75,11672.15,11672.15,295500
2019-06-18,11677.05,11727.2,11641.15,11691.5,11691.5,365500
2019-06-19,11744.45,11802.5,11625.1,11691.45,11691.45,446900
2019-06-20,11653.65,11843.5,11635.05,11831.75,11831.75,442000
2019-06-21,11827.6,11827.95,11705.1,11724.1,11724.1,468400
2019-06-24,11725.8,11754,11670.2,11699.65,11699.65,277600
2019-06-25,11681,11814.4,11651,11796.45,11796.45,300500
2019-06-26,11768.15,11871.85,11757.55,11847.55,11847.55,327900
2019-06-27,11860.85,11911.15,11821.05,11841.55,11841.55,480200
2019-06-28,11861.15,11871.7,11775.5,11788.85,11788.85,303900
